t	gen	W0	W1	W2	W3	W4	W5	W6	W7	W8	W9	W10	W11	W12	W13	W14	W15	W16	W17	W18	W19	W20	W21	W22	W23	W24	W25	W26	W27	W28	W29	W30	W31	W32	W33	W34	W35	
0	1	65	9907	110	0	0	3730308668	65	13	0	0	0	0	0	0	0	0	10167	0	0	0	13	0	0	0	3118366558	1	3	3	24	0	65	9647	0	0	0	0	
6	2	80	12244	110	0	0	176215642	80	18	0	0	0	0	0	0	0	0	12564	0	0	0	18	0	0	0	4044460687	1	3	3	24	0	80	11924	0	0	0	0	
12	3	92	13642	110	0	0	917185348	92	23	0	0	0	0	0	0	0	0	14010	0	0	0	23	0	0	0	675706795	1	3	3	24	0	92	13274	0	0	0	0	
18	4	99	14354	110	0	0	1659432756	99	28	0	0	0	0	0	0	0	0	14750	0	0	0	28	0	0	0	1603517310	1	3	3	24	0	99	13958	0	0	0	0	
24	5	107	15366	110	0	0	2401713055	107	33	0	0	0	0	0	0	0	0	15794	0	0	0	33	0	0	0	2531368920	1	3	3	24	0	107	14938	0	0	0	0	
30	6	115	16339	110	0	0	3143469447	115	39	0	0	0	0	0	0	0	0	16799	0	0	0	39	0	0	0	3458565629	1	3	3	24	0	115	15879	0	0	0	0	
36	7	121	17149	110	0	0	3886262371	121	44	0	0	0	0	0	0	0	0	17633	0	0	0	44	0	0	0	92090694	1	3	3	24	0	121	16665	0	0	0	0	
42	8	150	21004	110	0	0	334019118	150	52	0	0	0	0	0	0	0	0	21604	0	0	0	52	0	0	0	1020496937	1	3	3	24	0	150	20404	0	0	0	0	
48	9	164	23130	110	0	0	1076781326	164	57	0	0	0	0	0	0	0	0	23786	0	0	0	57	0	0	0	1948950862	1	3	3	24	0	164	22474	0	0	0	0	
54	10	173	24208	110	0	0	1818695492	173	62	0	0	0	0	0	0	0	0	24900	0	0	0	62	0	0	0	2876344728	1	3	3	24	0	173	23516	0	0	0	0	
60	11	180	25142	110	0	0	2560812765	180	67	0	0	0	0	0	0	0	0	25862	0	0	0	67	0	0	0	3803992471	1	3	3	24	0	180	24422	0	0	0	0	
66	12	186	25952	110	0	0	3303613885	186	72	0	0	0	0	0	0	0	0	26696	0	0	0	72	0	0	0	437527712	1	3	3	24	0	186	25208	0	0	0	0	
71	13	196	27130	110	0	0	4045836136	196	79	0	0	0	0	0	0	0	0	27914	0	0	0	79	0	0	0	1365306655	1	3	3	24	0	196	26346	0	0	0	0	
77	14	202	27731	110	0	0	494465221	202	84	0	0	0	0	0	0	0	0	28539	0	0	0	84	0	0	0	2294803255	1	3	3	24	0	202	26923	0	0	0	0	
83	15	214	29455	98	0	0	1263418946	214	88	0	0	0	0	0	0	0	0	30311	0	0	0	88	0	0	0	3255996566	1	3	3	24	0	214	28599	0	0	0	0	
90	16	236	32540	110	0	0	2006832731	236	94	0	0	0	0	0	0	0	0	33484	0	0	0	94	0	0	0	4185264904	1	3	3	24	0	236	31596	0	0	0	0	
95	17	248	34454	110	0	0	2749355272	248	99	0	0	0	0	0	0	0	0	35446	0	0	0	99	0	0	0	818451882	1	3	3	24	0	248	33462	0	0	0	0	
101	18	258	35629	110	0	0	3491861073	258	105	0	0	0	0	0	0	0	0	36661	0	0	0	105	0	0	0	1746585227	1	3	3	24	0	258	34597	0	0	0	0	
107	19	264	36230	110	0	0	4234278478	264	110	0	0	0	0	0	0	0	0	37286	0	0	0	110	0	0	0	2674608065	1	3	3	24	0	264	35174	0	0	0	0	
113	20	271	37106	110	0	0	682610132	271	115	0	0	0	0	0	0	0	0	38190	0	0	0	115	0	0	0	3603732829	1	3	3	24	0	271	36022	0	0	0	0	
119	21	279	38124	110	0	0	1424805220	279	121	0	0	0	0	0	0	0	0	39240	0	0	0	121	0	0	0	236510460	1	3	3	24	0	279	37008	0	0	0	0	
125	22	285	38725	110	0	0	2167348295	285	126	0	0	0	0	0	0	0	0	39865	0	0	0	126	0	0	0	1164690367	1	3	3	24	0	285	37585	0	0	0	0	
132	25	302	40720	110	0	0	3058540191	302	132	0	0	0	0	0	0	0	0	41928	0	0	0	132	0	0	0	2278681509	1	3	3	24	0	302	39512	0	0	0	0	
138	26	313	41863	110	0	0	3801720768	313	137	0	0	0	0	0	0	0	0	43115	0	0	0	137	0	0	0	3207658290	1	3	3	24	0	313	40611	0	0	0	0	
144	27	320	42764	110	0	0	249904595	320	142	0	0	0	0	0	0	0	0	44044	0	0	0	142	0	0	0	4136598253	1	3	3	24	0	320	41484	0	0	0	0	
150	28	326	43365	110	0	0	993087414	326	147	0	0	0	0	0	0	0	0	44669	0	0	0	147	0	0	0	770610540	1	3	3	24	0	326	42061	0	0	0	0	
156	29	333	44239	110	0	0	1736445511	333	153	0	0	0	0	0	0	0	0	45571	0	0	0	153	0	0	0	1699809217	1	3	3	24	0	333	42907	0	0	0	0	
162	30	339	44813	110	0	0	2479690171	339	159	0	0	0	0	0	0	0	0	46169	0	0	0	159	0	0	0	2628866096	1	3	3	24	0	339	43457	0	0	0	0	
168	31	345	45414	110	0	0	3222679284	345	164	0	0	0	0	0	0	0	0	46794	0	0	0	164	0	0	0	3557603539	1	3	3	24	0	345	44034	0	0	0	0	
174	32	351	46224	110	0	0	3965691676	351	169	0	0	0	0	0	0	0	0	47628	0	0	0	169	0	0	0	191402791	1	3	3	24	0	351	44820	0	0	0	0	
180	33	356	46734	110	0	0	414039987	356	174	0	0	0	0	0	0	0	0	48158	0	0	0	174	0	0	0	1120548350	1	3	3	24	0	356	45310	0	0	0	0	
186	34	362	47544	110	0	0	1157189386	362	179	0	0	0	0	0	0	0	0	48992	0	0	0	179	0	0	0	2049486145	1	3	3	24	0	362	46096	0	0	0	0	
192	35	368	48118	110	0	0	1900262329	368	185	0	0	0	0	0	0	0	0	49590	0	0	0	185	0	0	0	2978328367	1	3	3	24	0	368	46646	0	0	0	0	
198	36	374	48719	110	0	0	2643256055	374	190	0	0	0	0	0	0	0	0	50215	0	0	0	190	0	0	0	3907071562	1	3	3	24	0	374	47223	0	0	0	0	
204	37	380	49529	110	0	0	3386061673	380	195	0	0	0	0	0	0	0	0	51049	0	0	0	195	0	0	0	540612323	1	3	3	24	0	380	48009	0	0	0	0	
210	38	387	50197	110	0	0	4127528643	387	202	0	0	0	0	0	0	0	0	51745	0	0	0	202	0	0	0	1467447076	1	3	3	24	0	387	48649	0	0	0	0	
215	39	393	51007	110	0	0	575286122	393	207	0	0	0	0	0	0	0	0	52579	0	0	0	207	0	0	0	2395854084	1	3	3	24	0	393	49435	0	0	0	0	
221	40	399	51581	110	0	0	1317940233	399	213	0	0	0	0	0	0	0	0	53177	0	0	0	213	0	0	0	3324172761	1	3	3	24	0	399	49985	0	0	0	0	
227	41	404	52091	110	0	0	2060676696	404	218	0	0	0	0	0	0	0	0	53707	0	0	0	218	0	0	0	4252594376	1	3	3	24	0	404	50475	0	0	0	0	
233	42	410	52901	110	0	0	2803376175	410	223	0	0	0	0	0	0	0	0	54541	0	0	0	223	0	0	0	886002460	1	3	3	24	0	410	51261	0	0	0	0	
239	43	415	53411	110	0	0	3545972056	415	228	0	0	0	0	0	0	0	0	55071	0	0	0	228	0	0	0	1814248343	1	3	3	24	0	415	51751	0	0	0	0	
245	44	420	53921	110	0	0	4288667844	420	233	0	0	0	0	0	0	0	0	55601	0	0	0	233	0	0	0	2742619116	1	3	3	24	0	420	52241	0	0	0	0	
251	45	427	54795	110	0	0	736451915	427	239	0	0	0	0	0	0	0	0	56503	0	0	0	239	0	0	0	3671059355	1	3	3	24	0	427	53087	0	0	0	0	
257	46	432	55305	110	0	0	1479368488	432	244	0	0	0	0	0	0	0	0	57033	0	0	0	244	0	0	0	304738815	1	3	3	24	0	432	53577	0	0	0	0	
263	47	439	56206	110	0	0	2222483184	439	249	0	0	0	0	0	0	0	0	57962	0	0	0	249	0	0	0	1233633213	1	3	3	24	0	439	54450	0	0	0	0	
269	48	445	56780	110	0	0	2965178951	445	255	0	0	0	0	0	0	0	0	58560	0	0	0	255	0	0	0	2162003952	1	3	3	24	0	445	55000	0	0	0	0	
275	49	450	57290	110	0	0	3708165271	450	260	0	0	0	0	0	0	0	0	59090	0	0	0	260	0	0	0	3090737885	1	3	3	24	0	450	55490	0	0	0	0	
281	50	457	58164	110	0	0	156012927	457	266	0	0	0	0	0	0	0	0	59992	0	0	0	266	0	0	0	4019257606	1	3	3	24	0	457	56336	0	0	0	0	
287	51	462	58674	110	0	0	898706989	462	271	0	0	0	0	0	0	0	0	60522	0	0	0	271	0	0	0	652658918	1	3	3	24	0	462	56826	0	0	0	0	
293	52	468	59484	110	0	0	1641619476	468	276	0	0	0	0	0	0	0	0	61356	0	0	0	276	0	0	0	1581300560	1	3	3	24	0	468	57612	0	0	0	0	
299	53	473	59994	110	0	0	2384532895	473	281	0	0	0	0	0	0	0	0	61886	0	0	0	281	0	0	0	2509943368	1	3	3	24	0	473	58102	0	0	0	0	
305	54	478	60504	110	0	0	3127684800	478	286	0	0	0	0	0	0	0	0	62416	0	0	0	286	0	0	0	3438884286	1	3	3	24	0	478	58592	0	0	0	0	
312	57	485	61378	110	0	0	4018594374	485	292	0	0	0	0	0	0	0	0	63318	0	0	0	292	0	0	0	257555198	1	3	3	24	0	485	59438	0	0	0	0	
318	58	490	61888	110	0	0	466324748	490	297	0	0	0	0	0	0	0	0	63848	0	0	0	297	0	0	0	1185928315	1	3	3	24	0	490	59928	0	0	0	0	
324	59	497	62762	110	0	0	1209525313	497	303	0	0	0	0	0	0	0	0	64750	0	0	0	303	0	0	0	2114930051	1	3	3	24	0	497	60774	0	0	0	0	
330	60	502	63272	110	0	0	1952421839	502	308	0	0	0	0	0	0	0	0	65280	0	0	0	308	0	0	0	3043551741	1	3	3	24	0	502	61264	0	0	0	0	
336	61	508	64082	110	0	0	2695410131	508	313	0	0	0	0	0	0	0	0	66114	0	0	0	313	0	0	0	3972288142	1	3	3	24	0	508	62050	0	0	0	0	
341	62	514	64656	110	0	0	3438402293	514	319	0	0	0	0	0	0	0	0	66712	0	0	0	319	0	0	0	606062080	1	3	3	24	0	514	62600	0	0	0	0	
347	63	520	65260	110	0	0	4181250562	520	325	0	0	0	0	0	0	0	0	67340	0	0	0	325	0	0	0	1534623453	1	3	3	24	0	520	63180	0	0	0	0	
353	64	526	66070	110	0	0	629273136	526	330	0	0	0	0	0	0	0	0	68174	0	0	0	330	0	0	0	2463361824	1	3	3	24	0	526	63966	0	0	0	0	
359	65	531	66580	110	0	0	1372327516	531	335	0	0	0	0	0	0	0	0	68704	0	0	0	335	0	0	0	3392180828	1	3	3	24	0	531	64456	0	0	0	0	
365	66	536	67090	110	0	0	2115322141	536	340	0	0	0	0	0	0	0	0	69234	0	0	0	340	0	0	0	25957850	1	3	3	24	0	536	64946	0	0	0	0	
371	67	543	67964	110	0	0	2858458472	543	346	0	0	0	0	0	0	0	0	70136	0	0	0	346	0	0	0	954879291	1	3	3	24	0	543	65792	0	0	0	0	
377	68	548	68474	110	0	0	3601447999	548	351	0	0	0	0	0	0	0	0	70666	0	0	0	351	0	0	0	1883617224	1	3	3	24	0	548	66282	0	0	0	0	
383	69	555	69348	110	0	0	49278087	555	357	0	0	0	0	0	0	0	0	71568	0	0	0	357	0	0	0	2812114983	1	3	3	24	0	555	67128	0	0	0	0	
389	70	561	69949	110	0	0	792306953	561	362	0	0	0	0	0	0	0	0	72193	0	0	0	362	0	0	0	3740902092	1	3	3	24	0	561	67705	0	0	0	0	
395	71	566	70459	110	0	0	1535322783	566	367	0	0	0	0	0	0	0	0	72723	0	0	0	367	0	0	0	374705614	1	3	3	24	0	566	68195	0	0	0	0	
401	72	573	71333	110	0	0	2277330181	573	373	0	0	0	0	0	0	0	0	73625	0	0	0	373	0	0	0	1302215884	1	3	3	24	0	573	69041	0	0	0	0	
407	73	578	71843	110	0	0	3020469549	578	378	0	0	0	0	0	0	0	0	74155	0	0	0	378	0	0	0	2231141118	1	3	3	24	0	578	69531	0	0	0	0	
413	74	584	72653	110	0	0	3763427496	584	383	0	0	0	0	0	0	0	0	74989	0	0	0	383	0	0	0	3159839575	1	3	3	24	0	584	70317	0	0	0	0	
419	75	589	73163	110	0	0	211448086	589	388	0	0	0	0	0	0	0	0	75519	0	0	0	388	0	0	0	4088575454	1	3	3	24	0	589	70807	0	0	0	0	
425	76	594	73673	110	0	0	954631113	594	393	0	0	0	0	0	0	0	0	76049	0	0	0	393	0	0	0	722587962	1	3	3	24	0	594	71297	0	0	0	0	
431	77	601	74547	110	0	0	1697464650	601	399	0	0	0	0	0	0	0	0	76951	0	0	0	399	0	0	0	1651130905	1	3	3	24	0	601	72143	0	0	0	0	
437	78	607	75121	110	0	0	2440474329	607	405	0	0	0	0	0	0	0	0	77549	0	0	0	405	0	0	0	2579894029	1	3	3	24	0	607	72693	0	0	0	0	
443	79	613	75931	110	0	0	3183526658	613	410	0	0	0	0	0	0	0	0	78383	0	0	0	410	0	0	0	3508710460	1	3	3	24	0	613	73479	0	0	0	0	
448	80	618	76441	110	0	0	3926526472	618	415	0	0	0	0	0	0	0	0	78913	0	0	0	415	0	0	0	142493952	1	3	3	24	0	618	73969	0	0	0	0	
454	81	623	76951	110	0	0	374632517	623	420	0	0	0	0	0	0	0	0	79443	0	0	0	420	0	0	0	1071336651	1	3	3	24	0	623	74459	0	0	0	0	
460	82	630	77825	110	0	0	1117685528	630	426	0	0	0	0	0	0	0	0	80345	0	0	0	426	0	0	0	2000153940	1	3	3	24	0	630	75305	0	0	0	0	
466	83	635	78335	110	0	0	1860822907	635	431	0	0	0	0	0	0	0	0	80875	0	0	0	431	0	0	0	2929076686	1	3	3	24	0	635	75795	0	0	0	0	
472	84	641	79145	110	0	0	2603957296	641	436	0	0	0	0	0	0	0	0	81709	0	0	0	436	0	0	0	3857995690	1	3	3	24	0	641	76581	0	0	0	0	
478	85	646	79655	110	0	0	3347073650	646	441	0	0	0	0	0	0	0	0	82239	0	0	0	441	0	0	0	491924855	1	3	3	24	0	646	77071	0	0	0	0	
484	86	651	80165	110	0	0	4090483948	651	446	0	0	0	0	0	0	0	0	82769	0	0	0	446	0	0	0	1421188747	1	3	3	24	0	651	77561	0	0	0	0	
490	87	660	81197	110	0	0	538561710	660	454	0	0	0	0	0	0	0	0	83837	0	0	0	454	0	0	0	2349996087	1	3	3	24	0	660	78557	0	0	0	0	
496	88	665	81707	110	0	0	1281484558	665	459	0	0	0	0	0	0	0	0	84367	0	0	0	459	0	0	0	3278650663	1	3	3	24	0	665	79047	0	0	0	0	
502	89	671	82517	110	0	0	2024725225	671	464	0	0	0	0	0	0	0	0	85201	0	0	0	464	0	0	0	4207702504	1	3	3	24	0	671	79833	0	0	0	0	
508	90	676	83027	110	0	0	2767811754	676	469	0	0	0	0	0	0	0	0	85731	0	0	0	469	0	0	0	841594379	1	3	3	24	0	676	80323	0	0	0	0	
514	91	681	83537	110	0	0	3510827211	681	474	0	0	0	0	0	0	0	0	86261	0	0	0	474	0	0	0	1770364720	1	3	3	24	0	681	80813	0	0	0	0	
520	92	688	84411	110	0	0	4253942725	688	480	0	0	0	0	0	0	0	0	87163	0	0	0	480	0	0	0	2699260134	1	3	3	24	0	688	81659	0	0	0	0	
526	93	693	84921	110	0	0	702209081	693	485	0	0	0	0	0	0	0	0	87693	0	0	0	485	0	0	0	3628303215	1	3	3	24	0	693	82149	0	0	0	0	
532	94	699	85731	110	0	0	1445184015	699	490	0	0	0	0	0	0	0	0	88527	0	0	0	490	0	0	0	262055608	1	3	3	24	0	699	82935	0	0	0	0	
538	95	704	86241	110	0	0	2188285607	704	495	0	0	0	0	0	0	0	0	89057	0	0	0	495	0	0	0	1190933619	1	3	3	24	0	704	83425	0	0	0	0	
544	96	709	86751	110	0	0	2931493071	709	500	0	0	0	0	0	0	0	0	89587	0	0	0	500	0	0	0	2119943964	1	3	3	24	0	709	83915	0	0	0	0	
550	97	717	87689	110	0	0	3674646999	717	507	0	0	0	0	0	0	0	0	90557	0	0	0	507	0	0	0	3048887390	1	3	3	24	0	717	84821	0	0	0	0	
555	98	722	88199	110	0	0	122789745	722	512	0	0	0	0	0	0	0	0	91087	0	0	0	512	0	0	0	3977775961	1	3	3	24	0	722	85311	0	0	0	0	
561	99	728	89009	110	0	0	865710405	728	517	0	0	0	0	0	0	0	0	91921	0	0	0	517	0	0	0	611460507	1	3	3	24	0	728	86097	0	0	0	0	
567	100	733	89519	110	0	0	1608943677	733	522	0	0	0	0	0	0	0	0	92451	0	0	0	522	0	0	0	1540503117	1	3	3	24	0	733	86587	0	0	0	0	
573	101	738	90029	110	0	0	2351880565	738	527	0	0	0	0	0	0	0	0	92981	0	0	0	527	0	0	0	2469175242	1	3	3	24	0	738	87077	0	0	0	0	
579	102	745	90903	110	0	0	3094150468	745	533	0	0	0	0	0	0	0	0	93883	0	0	0	533	0	0	0	3397013637	1	3	3	24	0	745	87923	0	0	0	0	
585	103	750	91413	110	0	0	3837180037	750	538	0	0	0	0	0	0	0	0	94413	0	0	0	538	0	0	0	30834321	1	3	3	24	0	750	88413	0	0	0	0	
591	104	756	92223	110	0	0	285566571	756	543	0	0	0	0	0	0	0	0	95247	0	0	0	543	0	0	0	960027623	1	3	3	24	0	756	89199	0	0	0	0	
597	105	761	92733	110	0	0	1028439587	761	548	0	0	0	0	0	0	0	0	95777	0	0	0	548	0	0	0	1888619909	1	3	3	24	0	761	89689	0	0	0	0	
603	106	767	93307	110	0	0	1771326608	767	554	0	0	0	0	0	0	0	0	96375	0	0	0	554	0	0	0	2817229702	1	3	3	24	0	767	90239	0	0	0	0	
624	107	775	94481	110	0	0	94647702	775	560	0	0	0	0	0	0	0	0	97581	0	0	0	560	0	0	0	1795126494	1	3	3	24	0	775	91381	0	0	0	0	
645	108	783	95476	110	0	0	2711874415	783	566	0	0	0	0	0	0	0	0	98608	0	0	0	566	0	0	0	771696187	1	3	3	24	0	783	92344	0	0	0	0	
666	109	792	96714	110	0	0	1035031537	792	573	0	0	0	0	0	0	0	0	99882	0	0	0	573	0	0	0	4044355327	1	3	3	24	0	792	93546	0	0	0	0	
687	110	798	97524	110	0	0	3653255332	798	578	0	0	0	0	0	0	0	0	100716	0	0	0	578	0	0	0	3022171413	1	3	3	24	0	798	94332	0	0	0	0	
708	111	805	98398	110	0	0	1976764659	805	584	0	0	0	0	0	0	0	0	101618	0	0	0	584	0	0	0	2000303482	1	3	3	24	0	805	95178	0	0	0	0	
729	112	813	99572	110	0	0	300082978	813	590	0	0	0	0	0	0	0	0	102824	0	0	0	590	0	0	0	978196771	1	3	3	24	0	813	96320	0	0	0	0	
750	113	820	100446	110	0	0	2918252687	820	596	0	0	0	0	0	0	0	0	103726	0	0	0	596	0	0	0	4250912507	1	3	3	24	0	820	97166	0	0	0	0	
771	114	829	101714	110	0	0	1241366757	829	603	0	0	0	0	0	0	0	0	105030	0	0	0	603	0	0	0	3228550521	1	3	3	24	0	829	98398	0	0	0	0	
791	115	836	102588	110	0	0	3859513273	836	609	0	0	0	0	0	0	0	0	105932	0	0	0	609	0	0	0	2206269987	1	3	3	24	0	836	99244	0	0	0	0	
812	116	842	103398	110	0	0	2182916348	842	614	0	0	0	0	0	0	0	0	106766	0	0	0	614	0	0	0	1184269275	1	3	3	24	0	842	100030	0	0	0	0	
833	117	851	104636	110	0	0	506261355	851	621	0	0	0	0	0	0	0	0	108040	0	0	0	621	0	0	0	162195969	1	3	3	24	0	851	101232	0	0	0	0	
854	118	857	105446	110	0	0	3124358128	857	626	0	0	0	0	0	0	0	0	108874	0	0	0	626	0	0	0	3434820532	1	3	3	24	0	857	102018	0	0	0	0	
875	119	864	106320	110	0	0	1447373943	864	632	0	0	0	0	0	0	0	0	109776	0	0	0	632	0	0	0	2412335728	1	3	3	24	0	864	102864	0	0	0	0	
896	120	872	107494	110	0	0	4065671724	872	638	0	0	0	0	0	0	0	0	110982	0	0	0	638	0	0	0	1390244273	1	3	3	24	0	872	104006	0	0	0	0	
917	121	880	108462	110	0	0	2388655675	880	645	0	0	0	0	0	0	0	0	111982	0	0	0	645	0	0	0	367719637	1	3	3	24	0	880	104942	0	0	0	0	
938	122	888	109636	110	0	0	712075811	888	651	0	0	0	0	0	0	0	0	113188	0	0	0	651	0	0	0	3640707518	1	3	3	24	0	888	106084	0	0	0	0	
959	123	895	110510	110	0	0	3330376648	895	657	0	0	0	0	0	0	0	0	114090	0	0	0	657	0	0	0	2618619890	1	3	3	24	0	895	106930	0	0	0	0	
980	124	901	111320	110	0	0	1652515838	901	662	0	0	0	0	0	0	0	0	114924	0	0	0	662	0	0	0	1595039339	1	3	3	24	0	901	107716	0	0	0	0	
1001	125	910	112558	110	0	0	4269520356	910	669	0	0	0	0	0	0	0	0	116198	0	0	0	669	0	0	0	571331333	1	3	3	24	0	910	108918	0	0	0	0	
1022	126	916	113368	110	0	0	2591585839	916	674	0	0	0	0	0	0	0	0	117032	0	0	0	674	0	0	0	3842625933	1	3	3	24	0	916	109704	0	0	0	0	
1043	127	924	114542	110	0	0	913762189	924	680	0	0	0	0	0	0	0	0	118238	0	0	0	680	0	0	0	2819091829	1	3	3	24	0	924	110846	0	0	0	0	
1064	128	932	115510	110	0	0	3530962855	932	687	0	0	0	0	0	0	0	0	119238	0	0	0	687	0	0	0	1795629003	1	3	3	24	0	932	111782	0	0	0	0	
1085	129	939	116384	110	0	0	1853530149	939	693	0	0	0	0	0	0	0	0	120140	0	0	0	693	0	0	0	772583594	1	3	3	24	0	939	112628	0	0	0	0	
1106	130	947	117558	110	0	0	175904743	947	699	0	0	0	0	0	0	0	0	121346	0	0	0	699	0	0	0	4044264627	1	3	3	24	0	947	113770	0	0	0	0	
1127	131	954	118432	110	0	0	2793532841	954	705	0	0	0	0	0	0	0	0	122248	0	0	0	705	0	0	0	3021336107	1	3	3	24	0	954	114616	0	0	0	0	
1148	132	961	119542	110	0	0	1116166563	961	710	0	0	0	0	0	0	0	0	123386	0	0	0	710	0	0	0	1998373728	1	3	3	24	0	961	115698	0	0	0	0	
1168	133	970	120571	110	0	0	3733843967	970	717	0	0	0	0	0	0	0	0	124451	0	0	0	717	0	0	0	975506852	1	3	3	24	0	970	116691	0	0	0	0	
1189	134	977	121475	110	0	0	2056639265	977	723	0	0	0	0	0	0	0	0	125383	0	0	0	723	0	0	0	4247713768	1	3	3	24	0	977	117567	0	0	0	0	
1210	135	985	122649	110	0	0	379378179	985	729	0	0	0	0	0	0	0	0	126589	0	0	0	729	0	0	0	3224882908	1	3	3	24	0	985	118709	0	0	0	0	
1231	136	992	123523	110	0	0	2997433428	992	735	0	0	0	0	0	0	0	0	127491	0	0	0	735	0	0	0	2202488362	1	3	3	24	0	992	119555	0	0	0	0	
1252	137	1000	124697	110	0	0	1320291774	1000	741	0	0	0	0	0	0	0	0	128697	0	0	0	741	0	0	0	1179806770	1	3	3	24	0	1000	120697	0	0	0	0	
1273	138	1006	125507	110	0	0	3938001977	1006	746	0	0	0	0	0	0	0	0	129531	0	0	0	746	0	0	0	156980900	1	3	3	24	0	1006	121483	0	0	0	0	
1294	139	1014	126445	110	0	0	2260879384	1014	753	0	0	0	0	0	0	0	0	130501	0	0	0	753	0	0	0	3429290441	1	3	3	24	0	1014	122389	0	0	0	0	
1315	140	1021	127555	110	0	0	583939712	1021	758	0	0	0	0	0	0	0	0	131639	0	0	0	758	0	0	0	2406861361	1	3	3	24	0	1021	123471	0	0	0	0	
1336	141	1030	128587	110	0	0	3201733312	1030	766	0	0	0	0	0	0	0	0	132707	0	0	0	766	0	0	0	1384139731	1	3	3	24	0	1030	124467	0	0	0	0	
1357	142	1037	129697	110	0	0	1524869841	1037	771	0	0	0	0	0	0	0	0	133845	0	0	0	771	0	0	0	361805895	1	3	3	24	0	1037	125549	0	0	0	0	
1378	143	1044	130571	110	0	0	4142854306	1044	777	0	0	0	0	0	0	0	0	134747	0	0	0	777	0	0	0	3634290148	1	3	3	24	0	1044	126395	0	0	0	0	
1399	144	1051	131445	110	0	0	2465702484	1051	783	0	0	0	0	0	0	0	0	135649	0	0	0	783	0	0	0	2611595862	1	3	3	24	0	1051	127241	0	0	0	0	
1420	145	1059	132619	110	0	0	788608320	1059	789	0	0	0	0	0	0	0	0	136855	0	0	0	789	0	0	0	1588973652	1	3	3	24	0	1059	128383	0	0	0	0	
1441	146	1065	133429	110	0	0	3406925613	1065	794	0	0	0	0	0	0	0	0	137689	0	0	0	794	0	0	0	566906646	1	3	3	24	0	1065	129169	0	0	0	0	
1462	147	1074	134667	110	0	0	1729769044	1074	801	0	0	0	0	0	0	0	0	138963	0	0	0	801	0	0	0	3839173716	1	3	3	24	0	1074	130371	0	0	0	0	
1483	148	1081	135571	110	0	0	52593804	1081	807	0	0	0	0	0	0	0	0	139895	0	0	0	807	0	0	0	2816450132	1	3	3	24	0	1081	131247	0	0	0	0	
1504	149	1089	136509	110	0	0	2670347532	1089	814	0	0	0	0	0	0	0	0	140865	0	0	0	814	0	0	0	1793678662	1	3	3	24	0	1089	132153	0	0	0	0	
1525	150	1096	137619	110	0	0	993403287	1096	819	0	0	0	0	0	0	0	0	142003	0	0	0	819	0	0	0	771243841	1	3	3	24	0	1096	133235	0	0	0	0	
1545	151	1103	138493	110	0	0	3611304575	1103	825	0	0	0	0	0	0	0	0	142905	0	0	0	825	0	0	0	4043624129	1	3	3	24	0	1103	134081	0	0	0	0	
1566	152	1111	139667	110	0	0	1934280001	1111	831	0	0	0	0	0	0	0	0	144111	0	0	0	831	0	0	0	3021088920	1	3	3	24	0	1111	135223	0	0	0	0	
1587	153	1118	140541	110	0	0	257181121	1118	837	0	0	0	0	0	0	0	0	145013	0	0	0	837	0	0	0	1998460843	1	3	3	24	0	1118	136069	0	0	0	0	
1608	154	1125	141445	110	0	0	2875092992	1125	843	0	0	0	0	0	0	0	0	145945	0	0	0	843	0	0	0	975887067	1	3	3	24	0	1125	136945	0	0	0	0	
1629	155	1134	142683	110	0	0	1197198795	1134	850	0	0	0	0	0	0	0	0	147219	0	0	0	850	0	0	0	4247232106	1	3	3	24	0	1134	138147	0	0	0	0	
1650	156	1140	143493	110	0	0	3815096070	1140	855	0	0	0	0	0	0	0	0	148053	0	0	0	855	0	0	0	3224640082	1	3	3	24	0	1140	138933	0	0	0	0	
1671	157	1149	144731	110	0	0	2138084701	1149	862	0	0	0	0	0	0	0	0	149327	0	0	0	862	0	0	0	2202121397	1	3	3	24	0	1149	140135	0	0	0	0	
1692	158	1155	145541	110	0	0	460974489	1155	867	0	0	0	0	0	0	0	0	150161	0	0	0	867	0	0	0	1179479140	1	3	3	24	0	1155	140921	0	0	0	0	
1713	159	1162	146415	110	0	0	3078759529	1162	873	0	0	0	0	0	0	0	0	151063	0	0	0	873	0	0	0	156746848	1	3	3	24	0	1162	141767	0	0	0	0	
1734	160	1170	147589	110	0	0	1401845143	1170	879	0	0	0	0	0	0	0	0	152269	0	0	0	879	0	0	0	3429316701	1	3	3	24	0	1170	142909	0	0	0	0	
1755	161	1178	148557	110	0	0	4019942354	1178	886	0	0	0	0	0	0	0	0	153269	0	0	0	886	0	0	0	2406974632	1	3	3	24	0	1178	143845	0	0	0	0	
1776	162	1185	149667	110	0	0	2342842870	1185	891	0	0	0	0	0	0	0	0	154407	0	0	0	891	0	0	0	1384345796	1	3	3	24	0	1185	144927	0	0	0	0	
1797	163	1193	150605	110	0	0	665894501	1193	898	0	0	0	0	0	0	0	0	155377	0	0	0	898	0	0	0	361905860	1	3	3	24	0	1193	145833	0	0	0	0	
1818	164	1199	151415	110	0	0	3283914224	1199	903	0	0	0	0	0	0	0	0	156211	0	0	0	903	0	0	0	3634434212	1	3	3	24	0	1199	146619	0	0	0	0	
1839	165	1208	152653	110	0	0	1606738900	1208	910	0	0	0	0	0	0	0	0	157485	0	0	0	910	0	0	0	2611710564	1	3	3	24	0	1208	147821	0	0	0	0	
1860	166	1214	153463	110	0	0	4224873340	1214	915	0	0	0	0	0	0	0	0	158319	0	0	0	915	0	0	0	1589415001	1	3	3	24	0	1214	148607	0	0	0	0	
1881	167	1222	154637	110	0	0	2548002506	1222	921	0	0	0	0	0	0	0	0	159525	0	0	0	921	0	0	0	567071968	1	3	3	24	0	1222	149749	0	0	0	0	
1902	168	1231	155669	110	0	0	870817454	1231	929	0	0	0	0	0	0	0	0	160593	0	0	0	929	0	0	0	3839303465	1	3	3	24	0	1231	150745	0	0	0	0	
1922	169	1237	156479	110	0	0	3488746953	1237	934	0	0	0	0	0	0	0	0	161427	0	0	0	934	0	0	0	2816751733	1	3	3	24	0	1237	151531	0	0	0	0	
1943	170	1245	157653	110	0	0	1811665516	1245	940	0	0	0	0	0	0	0	0	162633	0	0	0	940	0	0	0	1794145441	1	3	3	24	0	1245	152673	0	0	0	0	
1964	171	1252	158527	110	0	0	134655168	1252	946	0	0	0	0	0	0	0	0	163535	0	0	0	946	0	0	0	771628021	1	3	3	24	0	1252	153519	0	0	0	0	
1985	172	1259	159401	110	0	0	2752794869	1259	952	0	0	0	0	0	0	0	0	164437	0	0	0	952	0	0	0	4044306339	1	3	3	24	0	1259	154365	0	0	0	0	
2006	173	1267	160575	110	0	0	1075817157	1267	958	0	0	0	0	0	0	0	0	165643	0	0	0	958	0	0	0	3021829712	1	3	3	24	0	1267	155507	0	0	0	0	
2027	174	1275	161543	110	0	0	3693708323	1275	965	0	0	0	0	0	0	0	0	166643	0	0	0	965	0	0	0	1999230079	1	3	3	24	0	1275	156443	0	0	0	0	
2048	175	1282	162653	110	0	0	2016735869	1282	970	0	0	0	0	0	0	0	0	167781	0	0	0	970	0	0	0	976760020	1	3	3	24	0	1282	157525	0	0	0	0	
2069	176	1290	163591	110	0	0	339872684	1290	977	0	0	0	0	0	0	0	0	168751	0	0	0	977	0	0	0	4249393841	1	3	3	24	0	1290	158431	0	0	0	0	
2090	177	1296	164401	110	0	0	2957801241	1296	982	0	0	0	0	0	0	0	0	169585	0	0	0	982	0	0	0	3226840916	1	3	3	24	0	1296	159217	0	0	0	0	
2111	178	1304	165575	110	0	0	1280622253	1304	988	0	0	0	0	0	0	0	0	170791	0	0	0	988	0	0	0	2204112676	1	3	3	24	0	1304	160359	0	0	0	0	
2132	179	1311	166449	110	0	0	3898968143	1311	994	0	0	0	0	0	0	0	0	171693	0	0	0	994	0	0	0	1182081408	1	3	3	24	0	1311	161205	0	0	0	0	
2153	180	1319	167623	110	0	0	2221818610	1319	1000	0	0	0	0	0	0	0	0	172899	0	0	0	1000	0	0	0	159389963	1	3	3	24	0	1319	162347	0	0	0	0	
2174	181	1328	168655	110	0	0	544641690	1328	1008	0	0	0	0	0	0	0	0	173967	0	0	0	1008	0	0	0	3431631614	1	3	3	24	0	1328	163343	0	0	0	0	
2195	182	1335	169556	110	0	0	3162599168	1335	1013	0	0	0	0	0	0	0	0	174896	0	0	0	1013	0	0	0	2409114849	1	3	3	24	0	1335	164216	0	0	0	0	
2216	183	1343	170730	110	0	0	1485597109	1343	1019	0	0	0	0	0	0	0	0	176102	0	0	0	1019	0	0	0	1386607785	1	3	3	24	0	1343	165358	0	0	0	0	
2237	184	1351	171668	110	0	0	4103786012	1351	1026	0	0	0	0	0	0	0	0	177072	0	0	0	1026	0	0	0	364380313	1	3	3	24	0	1351	166264	0	0	0	0	
2258	185	1358	172778	110	0	0	2426834809	1358	1031	0	0	0	0	0	0	0	0	178210	0	0	0	1031	0	0	0	3636904123	1	3	3	24	0	1358	167346	0	0	0	0	
2279	186	1365	173652	110	0	0	749788198	1365	1037	0	0	0	0	0	0	0	0	179112	0	0	0	1037	0	0	0	2614341406	1	3	3	24	0	1365	168192	0	0	0	0	
2299	187	1372	174526	110	0	0	3367737040	1372	1043	0	0	0	0	0	0	0	0	180014	0	0	0	1043	0	0	0	1591813849	1	3	3	24	0	1372	169038	0	0	0	0	
2320	188	1381	175794	110	0	0	1690599163	1381	1050	0	0	0	0	0	0	0	0	181318	0	0	0	1050	0	0	0	569137044	1	3	3	24	0	1381	170270	0	0	0	0	
2341	189	1388	176668	110	0	0	13626499	1388	1056	0	0	0	0	0	0	0	0	182220	0	0	0	1056	0	0	0	3841634037	1	3	3	24	0	1388	171116	0	0	0	0	
2362	190	1395	177778	110	0	0	2631848389	1395	1061	0	0	0	0	0	0	0	0	183358	0	0	0	1061	0	0	0	2819447814	1	3	3	24	0	1395	172198	0	0	0	0	
2383	191	1402	178652	110	0	0	953634644	1402	1067	0	0	0	0	0	0	0	0	184260	0	0	0	1067	0	0	0	1795426172	1	3	3	24	0	1402	173044	0	0	0	0	
2404	192	1409	179526	110	0	0	3571639088	1409	1073	0	0	0	0	0	0	0	0	185162	0	0	0	1073	0	0	0	772968153	1	3	3	24	0	1409	173890	0	0	0	0	
2425	193	1416	180636	110	0	0	1894619981	1416	1078	0	0	0	0	0	0	0	0	186300	0	0	0	1078	0	0	0	4045407090	1	3	3	24	0	1416	174972	0	0	0	0	
2446	194	1423	181510	110	0	0	217521085	1423	1084	0	0	0	0	0	0	0	0	187202	0	0	0	1084	0	0	0	3022778985	1	3	3	24	0	1423	175818	0	0	0	0	
2467	195	1432	182778	110	0	0	2835640615	1432	1091	0	0	0	0	0	0	0	0	188506	0	0	0	1091	0	0	0	2000464807	1	3	3	24	0	1432	177050	0	0	0	0	
2488	196	1438	183588	110	0	0	1157907324	1438	1096	0	0	0	0	0	0	0	0	189340	0	0	0	1096	0	0	0	977043706	1	3	3	24	0	1438	177836	0	0	0	0	
2509	197	1446	184526	110	0	0	3775776881	1446	1103	0	0	0	0	0	0	0	0	190310	0	0	0	1103	0	0	0	4249384366	1	3	3	24	0	1446	178742	0	0	0	0	
2530	198	1453	185636	110	0	0	2098793314	1453	1108	0	0	0	0	0	0	0	0	191448	0	0	0	1108	0	0	0	3226900427	1	3	3	24	0	1453	179824	0	0	0	0	
2551	199	1459	186446	110	0	0	422127043	1459	1113	0	0	0	0	0	0	0	0	192282	0	0	0	1113	0	0	0	2204813115	1	3	3	24	0	1459	180610	0	0	0	0	
2572	200	1468	187684	110	0	0	3040104824	1468	1120	0	0	0	0	0	0	0	0	193556	0	0	0	1120	0	0	0	1182321740	1	3	3	24	0	1468	181812	0	0	0	0	
2593	201	1475	188588	110	0	0	1363324507	1475	1126	0	0	0	0	0	0	0	0	194488	0	0	0	1126	0	0	0	160091854	1	3	3	24	0	1475	182688	0	0	0	0	
2614	202	1481	189398	110	0	0	3981484416	1481	1131	0	0	0	0	0	0	0	0	195322	0	0	0	1131	0	0	0	3432795425	1	3	3	24	0	1481	183474	0	0	0	0	
2635	203	1490	190636	110	0	0	2304525131	1490	1138	0	0	0	0	0	0	0	0	196596	0	0	0	1138	0	0	0	2410341851	1	3	3	24	0	1490	184676	0	0	0	0	
2655	204	1496	191446	110	0	0	627461093	1496	1143	0	0	0	0	0	0	0	0	197430	0	0	0	1143	0	0	0	1387757347	1	3	3	24	0	1496	185462	0	0	0	0	
2676	205	1504	192620	110	0	0	3245605236	1504	1149	0	0	0	0	0	0	0	0	198636	0	0	0	1149	0	0	0	365473924	1	3	3	24	0	1504	186604	0	0	0	0	
2697	206	1511	193494	110	0	0	1568625481	1511	1155	0	0	0	0	0	0	0	0	199538	0	0	0	1155	0	0	0	3637962049	1	3	3	24	0	1511	187450	0	0	0	0	
2718	207	1517	194304	110	0	0	4186696559	1517	1160	0	0	0	0	0	0	0	0	200372	0	0	0	1160	0	0	0	2615587306	1	3	3	24	0	1517	188236	0	0	0	0	
2739	208	1527	195636	110	0	0	2509818450	1527	1168	0	0	0	0	0	0	0	0	201744	0	0	0	1168	0	0	0	1593235186	1	3	3	24	0	1527	189528	0	0	0	0	
2760	209	1533	196446	110	0	0	833001767	1533	1173	0	0	0	0	0	0	0	0	202578	0	0	0	1173	0	0	0	570959851	1	3	3	24	0	1533	190314	0	0	0	0	
2781	210	1540	197556	110	0	0	3451075514	1540	1178	0	0	0	0	0	0	0	0	203716	0	0	0	1178	0	0	0	3843555731	1	3	3	24	0	1540	191396	0	0	0	0	
2802	211	1548	198494	110	0	0	1774211925	1548	1185	0	0	0	0	0	0	0	0	204686	0	0	0	1185	0	0	0	2821221772	1	3	3	24	0	1548	192302	0	0	0	0	
2823	212	1554	199304	110	0	0	97278396	1554	1190	0	0	0	0	0	0	0	0	205520	0	0	0	1190	0	0	0	1798800383	1	3	3	24	0	1554	193088	0	0	0	0	
2844	213	1562	200478	110	0	0	2715405630	1562	1196	0	0	0	0	0	0	0	0	206726	0	0	0	1196	0	0	0	776495819	1	3	3	24	0	1562	194230	0	0	0	0	
2865	214	1569	201352	110	0	0	1038394671	1569	1202	0	0	0	0	0	0	0	0	207628	0	0	0	1202	0	0	0	4048944928	1	3	3	24	0	1569	195076	0	0	0	0	
2886	215	1577	202556	110	0	0	3655469545	1577	1208	0	0	0	0	0	0	0	0	208864	0	0	0	1208	0	0	0	3025324909	1	3	3	24	0	1577	196248	0	0	0	0	
2907	216	1585	203494	110	0	0	1978426271	1585	1215	0	0	0	0	0	0	0	0	209834	0	0	0	1215	0	0	0	2002766298	1	3	3	24	0	1585	197154	0	0	0	0	
2928	217	1591	204304	110	0	0	301501897	1591	1220	0	0	0	0	0	0	0	0	210668	0	0	0	1220	0	0	0	980356306	1	3	3	24	0	1591	197940	0	0	0	0	
2949	218	1598	205414	110	0	0	2919733641	1598	1225	0	0	0	0	0	0	0	0	211806	0	0	0	1225	0	0	0	4253149637	1	3	3	24	0	1598	199022	0	0	0	0	
2970	219	1606	206352	110	0	0	1242813058	1606	1232	0	0	0	0	0	0	0	0	212776	0	0	0	1232	0	0	0	3230744386	1	3	3	24	0	1606	199928	0	0	0	0	
2991	220	1613	207462	110	0	0	3860696733	1613	1237	0	0	0	0	0	0	0	0	213914	0	0	0	1237	0	0	0	2208135312	1	3	3	24	0	1613	201010	0	0	0	0	
3012	221	1622	208494	110	0	0	2183806982	1622	1245	0	0	0	0	0	0	0	0	214982	0	0	0	1245	0	0	0	1185768615	1	3	3	24	0	1622	202006	0	0	0	0	
3032	222	1628	209304	110	0	0	506997502	1628	1250	0	0	0	0	0	0	0	0	215816	0	0	0	1250	0	0	0	163502272	1	3	3	24	0	1628	202792	0	0	0	0	
3053	223	1636	210478	110	0	0	3124841042	1636	1256	0	0	0	0	0	0	0	0	217022	0	0	0	1256	0	0	0	3435810376	1	3	3	24	0	1636	203934	0	0	0	0	
3074	224	1644	211416	110	0	0	1448121612	1644	1263	0	0	0	0	0	0	0	0	217992	0	0	0	1263	0	0	0	2413656582	1	3	3	24	0	1644	204840	0	0	0	0	
3095	225	1650	212226	110	0	0	4065949706	1650	1268	0	0	0	0	0	0	0	0	218826	0	0	0	1268	0	0	0	1390978052	1	3	3	24	0	1650	205626	0	0	0	0	
3116	226	1658	213400	110	0	0	2388984461	1658	1274	0	0	0	0	0	0	0	0	220032	0	0	0	1274	0	0	0	368516982	1	3	3	24	0	1658	206768	0	0	0	0	
3137	227	1666	214338	110	0	0	712306336	1666	1281	0	0	0	0	0	0	0	0	221002	0	0	0	1281	0	0	0	3641382088	1	3	3	24	0	1666	207674	0	0	0	0	
3158	228	1675	215606	110	0	0	3330034179	1675	1288	0	0	0	0	0	0	0	0	222306	0	0	0	1288	0	0	0	2618578240	1	3	3	24	0	1675	208906	0	0	0	0	
3179	229	1682	216480	110	0	0	1653360949	1682	1294	0	0	0	0	0	0	0	0	223208	0	0	0	1294	0	0	0	1596482153	1	3	3	24	0	1682	209752	0	0	0	0	
3200	230	1689	217354	110	0	0	4271220789	1689	1300	0	0	0	0	0	0	0	0	224110	0	0	0	1300	0	0	0	573843267	1	3	3	24	0	1689	210598	0	0	0	0	
3221	231	1696	218464	110	0	0	2594251988	1696	1305	0	0	0	0	0	0	0	0	225248	0	0	0	1305	0	0	0	3846345017	1	3	3	24	0	1696	211680	0	0	0	0	
3242	232	1704	219402	110	0	0	917424209	1704	1312	0	0	0	0	0	0	0	0	226218	0	0	0	1312	0	0	0	2824055761	1	3	3	24	0	1704	212586	0	0	0	0	
3263	233	1711	220512	110	0	0	3535331652	1711	1317	0	0	0	0	0	0	0	0	227356	0	0	0	1317	0	0	0	1801476400	1	3	3	24	0	1711	213668	0	0	0	0	
3284	234	1718	221386	110	0	0	1858386722	1718	1323	0	0	0	0	0	0	0	0	228258	0	0	0	1323	0	0	0	779040701	1	3	3	24	0	1718	214514	0	0	0	0	
3305	235	1726	222354	110	0	0	181446303	1726	1330	0	0	0	0	0	0	0	0	229258	0	0	0	1330	0	0	0	4051577948	1	3	3	24	0	1726	215450	0	0	0	0	
3326	236	1734	223528	110	0	0	2799583528	1734	1336	0	0	0	0	0	0	0	0	230464	0	0	0	1336	0	0	0	3029285824	1	3	3	24	0	1734	216592	0	0	0	0	
3347	237	1741	224402	110	0	0	1122523056	1741	1342	0	0	0	0	0	0	0	0	231366	0	0	0	1342	0	0	0	2006705708	1	3	3	24	0	1741	217438	0	0	0	0	
3368	238	1749	225576	110	0	0	3740550566	1749	1348	0	0	0	0	0	0	0	0	232572	0	0	0	1348	0	0	0	984276468	1	3	3	24	0	1749	218580	0	0	0	0	
3389	239	1755	226386	110	0	0	2063755826	1755	1353	0	0	0	0	0	0	0	0	233406	0	0	0	1353	0	0	0	4256995816	1	3	3	24	0	1755	219366	0	0	0	0	
3409	240	1763	227324	110	0	0	386760720	1763	1360	0	0	0	0	0	0	0	0	234376	0	0	0	1360	0	0	0	3234497396	1	3	3	24	0	1763	220272	0	0	0	0	
3430	241	1771	228528	110	0	0	3004793382	1771	1366	0	0	0	0	0	0	0	0	235612	0	0	0	1366	0	0	0	2212074561	1	3	3	24	0	1771	221444	0	0	0	0	
3451	242	1778	229402	110	0	0	1327961803	1778	1372	0	0	0	0	0	0	0	0	236514	0	0	0	1372	0	0	0	1189780551	1	3	3	24	0	1778	222290	0	0	0	0	
3472	243	1787	230640	110	0	0	3945775804	1787	1379	0	0	0	0	0	0	0	0	237788	0	0	0	1379	0	0	0	167084371	1	3	3	24	0	1787	223492	0	0	0	0	
3493	244	1793	231450	110	0	0	2268827471	1793	1384	0	0	0	0	0	0	0	0	238622	0	0	0	1384	0	0	0	3439611691	1	3	3	24	0	1793	224278	0	0	0	0	
3514	245	1801	232388	110	0	0	591925571	1801	1391	0	0	0	0	0	0	0	0	239592	0	0	0	1391	0	0	0	2417229782	1	3	3	24	0	1801	225184	0	0	0	0	
3535	246	1808	233498	110	0	0	3209955810	1808	1396	0	0	0	0	0	0	0	0	240730	0	0	0	1396	0	0	0	1394803934	1	3	3	24	0	1808	226266	0	0	0	0	
3556	247	1815	234372	110	0	0	1532885376	1815	1402	0	0	0	0	0	0	0	0	241632	0	0	0	1402	0	0	0	372211343	1	3	3	24	0	1815	227112	0	0	0	0	
3577	248	1824	235640	110	0	0	4150901952	1824	1409	0	0	0	0	0	0	0	0	242936	0	0	0	1409	0	0	0	3644735738	1	3	3	24	0	1824	228344	0	0	0	0	
3598	249	1831	236514	110	0	0	2473956562	1831	1415	0	0	0	0	0	0	0	0	243838	0	0	0	1415	0	0	0	2622299490	1	3	3	24	0	1831	229190	0	0	0	0	
3619	250	1837	237324	110	0	0	797000634	1837	1420	0	0	0	0	0	0	0	0	244672	0	0	0	1420	0	0	0	1599850075	1	3	3	24	0	1837	229976	0	0	0	0	
3640	251	1846	238562	110	0	0	3414997883	1846	1427	0	0	0	0	0	0	0	0	245946	0	0	0	1427	0	0	0	577383003	1	3	3	24	0	1846	231178	0	0	0	0	
3661	252	1852	239372	110	0	0	1738079124	1852	1432	0	0	0	0	0	0	0	0	246780	0	0	0	1432	0	0	0	3849947336	1	3	3	24	0	1852	231964	0	0	0	0	
3682	253	1860	240546	110	0	0	61173244	1860	1438	0	0	0	0	0	0	0	0	247986	0	0	0	1438	0	0	0	2827560459	1	3	3	24	0	1860	233106	0	0	0	0	
3703	254	1867	241420	110	0	0	2679199886	1867	1444	0	0	0	0	0	0	0	0	248888	0	0	0	1444	0	0	0	1805130132	1	3	3	24	0	1867	233952	0	0	0	0	
3724	255	1874	242324	110	0	0	1002351897	1874	1450	0	0	0	0	0	0	0	0	249820	0	0	0	1450	0	0	0	782815665	1	3	3	24	0	1874	234828	0	0	0	0	
3745	256	1883	243562	110	0	0	3620234908	1883	1457	0	0	0	0	0	0	0	0	251094	0	0	0	1457	0	0	0	4055173114	1	3	3	24	0	1883	236030	0	0	0	0	
3766	257	1889	244372	110	0	0	1943099433	1889	1462	0	0	0	0	0	0	0	0	251928	0	0	0	1462	0	0	0	3032499259	1	3	3	24	0	1889	236816	0	0	0	0	
3786	258	1897	245546	110	0	0	266297847	1897	1468	0	0	0	0	0	0	0	0	253134	0	0	0	1468	0	0	0	2010242765	1	3	3	24	0	1897	237958	0	0	0	0	
3807	259	1904	246420	110	0	0	2884310164	1904	1474	0	0	0	0	0	0	0	0	254036	0	0	0	1474	0	0	0	987794559	1	3	3	24	0	1904	238804	0	0	0	0	
3828	260	1910	247230	110	0	0	1207287239	1910	1479	0	0	0	0	0	0	0	0	254870	0	0	0	1479	0	0	0	4260228701	1	3	3	24	0	1910	239590	0	0	0	0	
3849	261	1919	248498	110	0	0	3825297171	1919	1486	0	0	0	0	0	0	0	0	256174	0	0	0	1486	0	0	0	3237777488	1	3	3	24	0	1919	240822	0	0	0	0	
3870	262	1926	249372	110	0	0	2148346130	1926	1492	0	0	0	0	0	0	0	0	257076	0	0	0	1492	0	0	0	2215334194	1	3	3	24	0	1926	241668	0	0	0	0	
3891	263	1934	250546	110	0	0	470398140	1934	1498	0	0	0	0	0	0	0	0	258282	0	0	0	1498	0	0	0	1191644721	1	3	3	24	0	1934	242810	0	0	0	0	
3912	264	1942	251484	110	0	0	3088389662	1942	1505	0	0	0	0	0	0	0	0	259252	0	0	0	1505	0	0	0	169170522	1	3	3	24	0	1942	243716	0	0	0	0	
3933	265	1948	252294	110	0	0	1411414320	1948	1510	0	0	0	0	0	0	0	0	260086	0	0	0	1510	0	0	0	3441664148	1	3	3	24	0	1948	244502	0	0	0	0	
3954	266	1955	253404	110	0	0	4029324133	1955	1515	0	0	0	0	0	0	0	0	261224	0	0	0	1515	0	0	0	2419087809	1	3	3	24	0	1955	245584	0	0	0	0	
3975	267	1963	254342	110	0	0	2352468296	1963	1522	0	0	0	0	0	0	0	0	262194	0	0	0	1522	0	0	0	1396763518	1	3	3	24	0	1963	246490	0	0	0	0	
3996	268	1972	255610	110	0	0	675560938	1972	1529	0	0	0	0	0	0	0	0	263498	0	0	0	1529	0	0	0	374374823	1	3	3	24	0	1972	247722	0	0	0	0	
4017	269	1978	256420	110	0	0	3292529013	1978	1534	0	0	0	0	0	0	0	0	264332	0	0	0	1534	0	0	0	3645588584	1	3	3	24	0	1978	248508	0	0	0	0	
4038	270	1986	257358	110	0	0	1615728800	1986	1541	0	0	0	0	0	0	0	0	265302	0	0	0	1541	0	0	0	2623333824	1	3	3	24	0	1986	249414	0	0	0	0	
4059	271	1993	258468	110	0	0	4233614404	1993	1546	0	0	0	0	0	0	0	0	266440	0	0	0	1546	0	0	0	1600727217	1	3	3	24	0	1993	250496	0	0	0	0	
4080	272	2001	259406	110	0	0	2556582513	2001	1553	0	0	0	0	0	0	0	0	267410	0	0	0	1553	0	0	0	578182843	1	3	3	24	0	2001	251402	0	0	0	0	
4101	273	2008	260516	110	0	0	879628503	2008	1558	0	0	0	0	0	0	0	0	268548	0	0	0	1558	0	0	0	3850703123	1	3	3	24	0	2008	252484	0	0	0	0	
4122	274	2015	261390	110	0	0	3497618361	2015	1564	0	0	0	0	0	0	0	0	269450	0	0	0	1564	0	0	0	2828226805	1	3	3	24	0	2015	253330	0	0	0	0	
4142	275	2023	262358	110	0	0	1820696725	2023	1571	0	0	0	0	0	0	0	0	270450	0	0	0	1571	0	0	0	1805820258	1	3	3	24	0	2023	254266	0	0	0	0	
4163	276	2031	263532	110	0	0	143868877	2031	1577	0	0	0	0	0	0	0	0	271656	0	0	0	1577	0	0	0	783530954	1	3	3	24	0	2031	255408	0	0	0	0	
4184	277	2037	264342	110	0	0	2761858994	2037	1582	0	0	0	0	0	0	0	0	272490	0	0	0	1582	0	0	0	4056022297	1	3	3	24	0	2037	256194	0	0	0	0	
4205	278	2045	265280	110	0	0	1084805242	2045	1589	0	0	0	0	0	0	0	0	273460	0	0	0	1589	0	0	0	3033450612	1	3	3	24	0	2045	257100	0	0	0	0	
4226	279	2052	266390	110	0	0	3702826792	2052	1594	0	0	0	0	0	0	0	0	274598	0	0	0	1594	0	0	0	2011013923	1	3	3	24	0	2052	258182	0	0	0	0	
4247	280	2061	267419	110	0	0	2025908144	2061	1601	0	0	0	0	0	0	0	0	275663	0	0	0	1601	0	0	0	988611098	1	3	3	24	0	2061	259175	0	0	0	0	
4268	281	2069	268623	110	0	0	348927473	2069	1607	0	0	0	0	0	0	0	0	276899	0	0	0	1607	0	0	0	4261098030	1	3	3	24	0	2069	260347	0	0	0	0	
4289	282	2075	269433	110	0	0	2967040605	2075	1612	0	0	0	0	0	0	0	0	277733	0	0	0	1612	0	0	0	3238775797	1	3	3	24	0	2075	261133	0	0	0	0	
4310	283	2083	270371	110	0	0	1289967423	2083	1619	0	0	0	0	0	0	0	0	278703	0	0	0	1619	0	0	0	2216179818	1	3	3	24	0	2083	262039	0	0	0	0	
4331	284	2090	271481	110	0	0	3907851811	2090	1624	0	0	0	0	0	0	0	0	279841	0	0	0	1624	0	0	0	1193571671	1	3	3	24	0	2090	263121	0	0	0	0	
4352	285	2096	272291	110	0	0	2230892944	2096	1629	0	0	0	0	0	0	0	0	280675	0	0	0	1629	0	0	0	171118577	1	3	3	24	0	2096	263907	0	0	0	0	
4373	286	2105	273529	110	0	0	554102029	2105	1636	0	0	0	0	0	0	0	0	281949	0	0	0	1636	0	0	0	3443842716	1	3	3	24	0	2105	265109	0	0	0	0	
4394	287	2111	274339	110	0	0	3171938930	2111	1641	0	0	0	0	0	0	0	0	282783	0	0	0	1641	0	0	0	2421175214	1	3	3	24	0	2111	265895	0	0	0	0	
4415	288	2120	275371	110	0	0	1495109327	2120	1649	0	0	0	0	0	0	0	0	283851	0	0	0	1649	0	0	0	1398883716	1	3	3	24	0	2120	266891	0	0	0	0	
4436	289	2127	276481	110	0	0	4113185813	2127	1654	0	0	0	0	0	0	0	0	284989	0	0	0	1654	0	0	0	376515714	1	3	3	24	0	2127	267973	0	0	0	0	
4457	290	2133	277291	110	0	0	2436008920	2133	1659	0	0	0	0	0	0	0	0	285823	0	0	0	1659	0	0	0	3648757399	1	3	3	24	0	2133	268759	0	0	0	0	
4478	291	2142	278529	110	0	0	758217702	2142	1666	0	0	0	0	0	0	0	0	287097	0	0	0	1666	0	0	0	2625263872	1	3	3	24	0	2142	269961	0	0	0	0	
4499	292	2148	279339	110	0	0	3376051621	2148	1671	0	0	0	0	0	0	0	0	287931	0	0	0	1671	0	0	0	1602592637	1	3	3	24	0	2148	270747	0	0	0	0	
4519	293	2154	280149	110	0	0	1699105228	2154	1676	0	0	0	0	0	0	0	0	288765	0	0	0	1676	0	0	0	580155141	1	3	3	24	0	2154	271533	0	0	0	0	
4540	294	2163	281387	110	0	0	22136994	2163	1683	0	0	0	0	0	0	0	0	290039	0	0	0	1683	0	0	0	3852657615	1	3	3	24	0	2163	272735	0	0	0	0	
4561	295	2170	282291	110	0	0	2640086726	2170	1689	0	0	0	0	0	0	0	0	290971	0	0	0	1689	0	0	0	2830131142	1	3	3	24	0	2170	273611	0	0	0	0	
4582	296	2179	283529	110	0	0	963053562	2179	1696	0	0	0	0	0	0	0	0	292245	0	0	0	1696	0	0	0	1807585151	1	3	3	24	0	2179	274813	0	0	0	0	
4603	297	2185	284339	110	0	0	3580960860	2185	1701	0	0	0	0	0	0	0	0	293079	0	0	0	1701	0	0	0	785005614	1	3	3	24	0	2185	275599	0	0	0	0	
4624	298	2192	285213	110	0	0	1904070196	2192	1707	0	0	0	0	0	0	0	0	293981	0	0	0	1707	0	0	0	4057605065	1	3	3	24	0	2192	276445	0	0	0	0	
4645	299	2200	286387	110	0	0	226929160	2200	1713	0	0	0	0	0	0	0	0	295187	0	0	0	1713	0	0	0	3034924257	1	3	3	24	0	2200	277587	0	0	0	0	
4666	300	2207	287261	110	0	0	2845035411	2207	1719	0	0	0	0	0	0	0	0	296089	0	0	0	1719	0	0	0	2012593430	1	3	3	24	0	2207	278433	0	0	0	0	
4687	301	2215	288465	110	0	0	1167962766	2215	1725	0	0	0	0	0	0	0	0	297325	0	0	0	1725	0	0	0	989998107	1	3	3	24	0	2215	279605	0	0	0	0	
4708	302	2223	289403	110	0	0	3785893226	2223	1732	0	0	0	0	0	0	0	0	298295	0	0	0	1732	0	0	0	4262414830	1	3	3	24	0	2223	280511	0	0	0	0	
4729	303	2229	290213	110	0	0	2108870036	2229	1737	0	0	0	0	0	0	0	0	299129	0	0	0	1737	0	0	0	3239881342	1	3	3	24	0	2229	281297	0	0	0	0	
4750	304	2238	291451	110	0	0	431833448	2238	1744	0	0	0	0	0	0	0	0	300403	0	0	0	1744	0	0	0	2217331096	1	3	3	24	0	2238	282499	0	0	0	0	
4771	305	2244	292261	110	0	0	3049722296	2244	1749	0	0	0	0	0	0	0	0	301237	0	0	0	1749	0	0	0	1194728540	1	3	3	24	0	2244	283285	0	0	0	0	
4792	306	2252	293435	110	0	0	1372623240	2252	1755	0	0	0	0	0	0	0	0	302443	0	0	0	1755	0	0	0	172100210	1	3	3	24	0	2252	284427	0	0	0	0	
4813	307	2259	294309	110	0	0	3990488496	2259	1761	0	0	0	0	0	0	0	0	303345	0	0	0	1761	0	0	0	3444435464	1	3	3	24	0	2259	285273	0	0	0	0	
4834	308	2267	295277	110	0	0	2313724102	2267	1768	0	0	0	0	0	0	0	0	304345	0	0	0	1768	0	0	0	2422225480	1	3	3	24	0	2267	286209	0	0	0	0	
4855	309	2274	296387	110	0	0	636638276	2274	1773	0	0	0	0	0	0	0	0	305483	0	0	0	1773	0	0	0	1399613700	1	3	3	24	0	2274	287291	0	0	0	0	
4876	310	2281	297261	110	0	0	3254420120	2281	1779	0	0	0	0	0	0	0	0	306385	0	0	0	1779	0	0	0	376877405	1	3	3	24	0	2281	288137	0	0	0	0	
4896	311	2288	298371	110	0	0	1577617696	2288	1784	0	0	0	0	0	0	0	0	307523	0	0	0	1784	0	0	0	3649587180	1	3	3	24	0	2288	289219	0	0	0	0	
4917	312	2296	299309	110	0	0	4195428187	2296	1791	0	0	0	0	0	0	0	0	308493	0	0	0	1791	0	0	0	2626886678	1	3	3	24	0	2296	290125	0	0	0	0	
4938	313	2302	300119	110	0	0	2518459272	2302	1796	0	0	0	0	0	0	0	0	309327	0	0	0	1796	0	0	0	1604421032	1	3	3	24	0	2302	290911	0	0	0	0	
4959	314	2309	301229	110	0	0	841520017	2309	1801	0	0	0	0	0	0	0	0	310465	0	0	0	1801	0	0	0	581992461	1	3	3	24	0	2309	291993	0	0	0	0	
4980	315	2318	302261	110	0	0	3459272783	2318	1809	0	0	0	0	0	0	0	0	311533	0	0	0	1809	0	0	0	3854187111	1	3	3	24	0	2318	292989	0	0	0	0	
5001	316	2325	303371	110	0	0	1782654068	2325	1814	0	0	0	0	0	0	0	0	312671	0	0	0	1814	0	0	0	2832159214	1	3	3	24	0	2325	294071	0	0	0	0	
5022	317	2331	304181	110	0	0	105256573	2331	1819	0	0	0	0	0	0	0	0	313505	0	0	0	1819	0	0	0	1809157826	1	3	3	24	0	2331	294857	0	0	0	0	
5043	318	2339	305119	110	0	0	2723163602	2339	1826	0	0	0	0	0	0	0	0	314475	0	0	0	1826	0	0	0	786577982	1	3	3	24	0	2339	295763	0	0	0	0	
5064	319	2346	306229	110	0	0	1046413271	2346	1831	0	0	0	0	0	0	0	0	315613	0	0	0	1831	0	0	0	4059352857	1	3	3	24	0	2346	296845	0	0	0	0	
5085	320	2353	307103	110	0	0	3664179421	2353	1837	0	0	0	0	0	0	0	0	316515	0	0	0	1837	0	0	0	3036596921	1	3	3	24	0	2353	297691	0	0	0	0	
5106	321	2361	308277	110	0	0	1987346500	2361	1843	0	0	0	0	0	0	0	0	317721	0	0	0	1843	0	0	0	2014301256	1	3	3	24	0	2361	298833	0	0	0	0	
5127	322	2368	309181	110	0	0	310274975	2368	1849	0	0	0	0	0	0	0	0	318653	0	0	0	1849	0	0	0	991707362	1	3	3	24	0	2368	299709	0	0	0	0	
5148	323	2376	310119	110	0	0	2928237870	2376	1856	0	0	0	0	0	0	0	0	319623	0	0	0	1856	0	0	0	4264164669	1	3	3	24	0	2376	300615	0	0	0	0	
5169	324	2383	311229	110	0	0	1251139957	2383	1861	0	0	0	0	0	0	0	0	320761	0	0	0	1861	0	0	0	3241537794	1	3	3	24	0	2383	301697	0	0	0	0	
5190	325	2389	312039	110	0	0	3869234039	2389	1866	0	0	0	0	0	0	0	0	321595	0	0	0	1866	0	0	0	2219191816	1	3	3	24	0	2389	302483	0	0	0	0	
5211	326	2398	313277	110	0	0	2192225270	2398	1873	0	0	0	0	0	0	0	0	322869	0	0	0	1873	0	0	0	1196676369	1	3	3	24	0	2398	303685	0	0	0	0	
5232	327	2404	314087	110	0	0	515121839	2404	1878	0	0	0	0	0	0	0	0	323703	0	0	0	1878	0	0	0	174042597	1	3	3	24	0	2404	304471	0	0	0	0	
5253	328	2413	315119	110	0	0	3133242951	2413	1886	0	0	0	0	0	0	0	0	324771	0	0	0	1886	0	0	0	3446697677	1	3	3	24	0	2413	305467	0	0	0	0	
5273	329	2420	316229	110	0	0	1456152246	2420	1891	0	0	0	0	0	0	0	0	325909	0	0	0	1891	0	0	0	2424079804	1	3	3	24	0	2420	306549	0	0	0	0	
5294	330	2427	317103	110	0	0	4074151632	2427	1897	0	0	0	0	0	0	0	0	326811	0	0	0	1897	0	0	0	1401615416	1	3	3	24	0	2427	307395	0	0	0	0	
5315	331	2434	317977	110	0	0	2397257688	2434	1903	0	0	0	0	0	0	0	0	327713	0	0	0	1903	0	0	0	379243486	1	3	3	24	0	2434	308241	0	0	0	0	
5336	332	2442	319151	110	0	0	720110641	2442	1909	0	0	0	0	0	0	0	0	328919	0	0	0	1909	0	0	0	3651522466	1	3	3	24	0	2442	309383	0	0	0	0	
5357	333	2448	319961	110	0	0	3338155945	2448	1914	0	0	0	0	0	0	0	0	329753	0	0	0	1914	0	0	0	2629115471	1	3	3	24	0	2448	310169	0	0	0	0	
5378	334	2457	321199	110	0	0	1661011318	2457	1921	0	0	0	0	0	0	0	0	331027	0	0	0	1921	0	0	0	1606430180	1	3	3	24	0	2457	311371	0	0	0	0	
5399	335	2464	322103	110	0	0	4279115375	2464	1927	0	0	0	0	0	0	0	0	331959	0	0	0	1927	0	0	0	584096612	1	3	3	24	0	2464	312247	0	0	0	0	
5420	336	2472	323041	110	0	0	2602066348	2472	1934	0	0	0	0	0	0	0	0	332929	0	0	0	1934	0	0	0	3856498102	1	3	3	24	0	2472	313153	0	0	0	0	
5441	337	2479	324151	110	0	0	924970457	2479	1939	0	0	0	0	0	0	0	0	334067	0	0	0	1939	0	0	0	2833873729	1	3	3	24	0	2479	314235	0	0	0	0	
5462	338	2486	325025	110	0	0	3543159339	2486	1945	0	0	0	0	0	0	0	0	334969	0	0	0	1945	0	0	0	1811646187	1	3	3	24	0	2486	315081	0	0	0	0	
5483	339	2494	326199	110	0	0	1866029685	2494	1951	0	0	0	0	0	0	0	0	336175	0	0	0	1951	0	0	0	788979614	1	3	3	24	0	2494	316223	0	0	0	0	
5504	340	2500	327009	110	0	0	189068730	2500	1956	0	0	0	0	0	0	0	0	337009	0	0	0	1956	0	0	0	4061491204	1	3	3	24	0	2500	317009	0	0	0	0	
5525	341	2507	327883	110	0	0	2806977227	2507	1962	0	0	0	0	0	0	0	0	337911	0	0	0	1962	0	0	0	3038913177	1	3	3	24	0	2507	317855	0	0	0	0	
5546	342	2516	329151	110	0	0	1129981070	2516	1969	0	0	0	0	0	0	0	0	339215	0	0	0	1969	0	0	0	2016413459	1	3	3	24	0	2516	319087	0	0	0	0	
5567	343	2523	330025	110	0	0	3747948034	2523	1975	0	0	0	0	0	0	0	0	340117	0	0	0	1975	0	0	0	993908536	1	3	3	24	0	2523	319933	0	0	0	0	
5588	344	2531	331199	110	0	0	2070952822	2531	1981	0	0	0	0	0	0	0	0	341323	0	0	0	1981	0	0	0	4266377313	1	3	3	24	0	2531	321075	0	0	0	0	
5609	345	2538	332073	110	0	0	394079544	2538	1987	0	0	0	0	0	0	0	0	342225	0	0	0	1987	0	0	0	3244031205	1	3	3	24	0	2538	321921	0	0	0	0	
5630	346	2544	332883	110	0	0	3011952513	2544	1992	0	0	0	0	0	0	0	0	343059	0	0	0	1992	0	0	0	2221408775	1	3	3	24	0	2544	322707	0	0	0	0	
5650	347	2553	334121	110	0	0	1334943322	2553	1999	0	0	0	0	0	0	0	0	344333	0	0	0	1999	0	0	0	1198892773	1	3	3	24	0	2553	323909	0	0	0	0	
5671	348	2560	335025	110	0	0	3953077637	2560	2005	0	0	0	0	0	0	0	0	345265	0	0	0	2005	0	0	0	176597034	1	3	3	24	0	2560	324785	0	0	0	0	
5692	349	2567	336135	110	0	0	2275948429	2567	2010	0	0	0	0	0	0	0	0	346403	0	0	0	2010	0	0	0	3448898293	1	3	3	24	0	2567	325867	0	0	0	0	
5713	350	2575	337073	110	0	0	598972962	2575	2017	0	0	0	0	0	0	0	0	347373	0	0	0	2017	0	0	0	2426424429	1	3	3	24	0	2575	326773	0	0	0	0	
5734	351	2581	337883	110	0	0	3216864019	2581	2022	0	0	0	0	0	0	0	0	348207	0	0	0	2022	0	0	0	1403824608	1	3	3	24	0	2581	327559	0	0	0	0	
5755	352	2590	339121	110	0	0	1539949018	2590	2029	0	0	0	0	0	0	0	0	349481	0	0	0	2029	0	0	0	381426350	1	3	3	24	0	2590	328761	0	0	0	0	
