t,ack,win_raw,redge_est
4.4e-05,95139040,95089888,49152
0.001056,95134236,95091348,42888
0.001062,95135696,95092808,42888
0.001062,95137156,95094268,42888
0.001062,95138616,95095728,42888
0.001062,95140076,95097188,42888
0.001069,95136040,95098648,37392
0.001081,95137500,95100108,37392
0.001081,95138960,95101568,37392
0.001081,95140420,95103028,37392
0.001081,95141880,95104488,37392
0.001098,95131972,95105948,26024
0.001098,95133432,95107408,26024
0.001098,95134892,95108868,26024
0.001098,95136352,95110328,26024
0.001098,95137812,95111788,26024
0.001098,95139272,95113248,26024
0.001098,95139516,95114708,24808
0.00111,95140976,95116168,24808
0.00111,95142436,95117628,24808
0.00111,95143896,95119088,24808
0.00111,95142396,95120548,21848
0.00111,95143856,95122008,21848
0.00111,95145316,95123468,21848
0.001122,95138744,95124928,13816
0.001122,95140204,95126388,13816
0.001122,95141664,95127848,13816
0.001122,95143124,95129308,13816
0.001122,95144584,95130768,13816
0.001122,95146044,95132228,13816
0.001123,95147504,95133688,13816
0.001148,95142532,95135148,7384
0.001155,95143992,95136608,7384
0.001155,95145452,95138068,7384
0.001155,95146912,95139528,7384
0.001155,95148372,95140988,7384
0.001155,95149820,95142436,7384
0.001155,95151280,95143896,7384
0.001156,95152740,95145356,7384
0.001156,95154200,95146816,7384
0.001178,95150652,95148276,2376
0.001178,95152112,95149736,2376
0.001179,95152196,95149820,2376
0.001179,95153656,95151280,2376
0.001179,95155116,95152740,2376
0.001179,95156576,95154200,2376
0.001202,95160224,95155424,4800
0.001273,95162820,95156884,5936
0.001273,95163648,95158344,5304
0.001273,95165108,95159804,5304
0.001273,95166568,95161264,5304
0.001273,95168028,95162724,5304
0.001273,95169184,95163880,5304
0.001288,95171148,95165340,5808
0.001295,95170576,95166800,3776
0.001295,95172036,95168260,3776
0.001295,95172960,95169184,3776
0.001306,95174260,95170644,3616
0.001319,95175744,95172104,3640
0.001326,95176600,95172960,3640
0.001332,95178420,95174420,4000
0.001345,95178056,95175880,2176
0.00135,95178776,95176600,2176
0.00135,95180236,95178060,2176
0.001371,95182936,95179520,3416
0.001378,95183876,95180236,3640
0.001385,95185472,95181696,3776
0.001397,95185108,95183156,1952
0.001401,95185828,95183876,1952
0.001401,95187520,95185336,2184
0.00141,95190572,95186796,3776
0.001424,95190928,95187520,3408
0.001436,95191284,95188980,2304
0.001443,95192744,95190440,2304
0.001462,95195540,95191900,3640
0.001468,95196384,95192744,3640
0.001476,95198204,95194204,4000
0.001489,95197848,95195664,2184
0.001494,95198568,95196384,2184
0.001494,95200028,95197844,2184
0.001515,95202944,95199304,3640
0.00152,95203668,95200028,3640
0.001527,95205488,95201488,4000
0.00154,95205124,95202948,2176
0.001545,95205844,95203668,2176
0.001545,95207304,95205128,2176
0.001567,95210228,95206588,3640
0.001575,95210944,95207304,3640
0.00158,95211300,95208764,2536
0.001583,95212760,95210224,2536
0.001593,95213716,95211684,2032
0.001596,95214792,95212760,2032
0.001606,95216116,95214220,1896
0.00161,95216688,95214792,1896
0.001624,95217780,95216252,1528
0.001624,95218216,95216688,1528
0.001645,95221788,95218148,3640
0.001653,95221856,95218216,3640
0.001659,95222212,95219676,2536
0.001663,95223672,95221136,2536
0.001684,95226012,95222596,3416
0.001691,95227312,95223672,3640
0.001701,95228908,95225132,3776
0.00171,95230008,95226592,3416
0.001714,95230728,95227312,3416
0.001723,95232164,95228772,3392
0.001728,95233624,95230232,3392
0.001728,95232776,95230728,2048
0.001737,95235380,95232188,3192
0.00175,95234448,95233648,800
0.001753,95235908,95235108,800
0.001753,95236180,95235380,800
0.001788,95240480,95236840,3640
0.001795,95241652,95238012,3640
0.001807,95243472,95239472,4000
0.001815,95244572,95240932,3640
0.001821,95245292,95241652,3640
0.001828,95245648,95243112,2536
0.001832,95247108,95244572,2536
0.001843,95249264,95246032,3232
0.001854,95249292,95247108,2184
0.001858,95250752,95248568,2184
0.001867,95252572,95250028,2544
0.001873,95253296,95250752,2544
0.00188,95254388,95252212,2176
0.001893,95255488,95253672,1816
0.001897,95256204,95254388,1816
0.001906,95258464,95255848,2616
0.001909,95258820,95256204,2616
0.001965,95262904,95257664,5240
0.001965,95264596,95259124,5472
0.001965,95265316,95259844,5472
0.001984,95267136,95261304,5832
0.001997,95266172,95262764,3408
0.002004,95267632,95264224,3408
0.002004,95269092,95265684,3408
0.002004,95270776,95267136,3640
0.002023,95272012,95268596,3416
0.00203,95273472,95270056,3416
0.00203,95274192,95270776,3416
0.002049,95275876,95272236,3640
0.002056,95277336,95273696,3640
0.002056,95277832,95274192,3640
0.002064,95279652,95275652,4000
0.002075,95278928,95277112,1816
0.00208,95280388,95278572,1816
0.00208,95281468,95279652,1816
0.002101,95284752,95281112,3640
0.002108,95285108,95281468,3640
0.002118,95285464,95282928,2536
0.002118,95286924,95284388,2536
0.00214,95289488,95285848,3640
0.002143,95290564,95286924,3640
0.002166,95292024,95288384,3640
0.002172,95293484,95289844,3640
0.002172,95294204,95290564,3640
0.00218,95296024,95292024,4000
0.002192,95295308,95293484,1824
0.002198,95296768,95294944,1824
0.002199,95297848,95296024,1824
0.002218,95301124,95297484,3640
0.002226,95301488,95297848,3640
0.002232,95301844,95299308,2536
0.002236,95303304,95300768,2536
0.002258,95305876,95302228,3648
0.002263,95306952,95303304,3648
0.002271,95308076,95304764,3312
0.002284,95309864,95306224,3640
0.002291,95310592,95306952,3640
0.002301,95312412,95308412,4000
0.002315,95313288,95309872,3416
0.002315,95312768,95310592,2176
0.002315,95314228,95312052,2176
0.002336,95316928,95313512,3416
0.002342,95317644,95314228,3416
0.002349,95319464,95315688,3776
0.002362,95319324,95317148,2176
0.002366,95319820,95317644,2176
0.002366,95321280,95319104,2176
0.002388,95324204,95320564,3640
0.002396,95324920,95321280,3640
0.002407,95325276,95322740,2536
0.002407,95326736,95324200,2536
0.002427,95329300,95325660,3640
0.002433,95330376,95326736,3640
0.002441,95332196,95328196,4000
0.002453,95331832,95329656,2176
0.002457,95332552,95330376,2176
0.002457,95334012,95331836,2176
0.002466,95336232,95333296,2936
0.002472,95336948,95334012,2936
0.002479,95337232,95335472,1760
0.002483,95338692,95336932,1760
0.002483,95338708,95336948,1760
0.002493,95339472,95338408,1064
0.002531,95343508,95339868,3640
0.002537,95344936,95341296,3640
0.002544,95345820,95342756,3064
0.002548,95347280,95344216,3064
0.002558,95347112,95344936,2176
0.002561,95348572,95346396,2176
0.002575,95349672,95347856,1816
0.002575,95350388,95348572,1816
0.002597,95353680,95350032,3648
0.002605,95354036,95350388,3648
0.00261,95354392,95351848,2544
0.002613,95355852,95353308,2544
0.002623,95356584,95354768,1816
0.002627,95357668,95355852,1816
0.002649,95360720,95357312,3408
0.002657,95361076,95357668,3408
0.002667,95362688,95359128,3560
0.002667,95364148,95360588,3560
0.002688,95364440,95362048,2392
0.002694,95365080,95362688,2392
0.002694,95366540,95364148,2392
0.002714,95369248,95365608,3640
0.002719,95370180,95366540,3640
0.002728,95372000,95368000,4000
0.00274,95371636,95369460,2176
0.002744,95372356,95370180,2176
0.002744,95373816,95371640,2176
0.002753,95376868,95373100,3768
0.002766,95374536,95373816,720
0.002771,95375996,95375276,720
0.002771,95377456,95376736,720
0.002805,95381836,95378196,3640
0.002811,95382920,95379280,3640
0.002819,95384476,95380740,3736
0.002831,95384376,95382200,2176
0.002836,95385096,95382920,2176
0.002836,95386556,95384380,2176
0.002858,95389480,95385840,3640
0.002865,95390196,95386556,3640
0.00287,95390560,95388016,2544
0.002874,95392020,95389476,2544
0.002883,95393648,95390936,2712
0.002897,95394196,95392020,2176
0.002901,95395656,95393480,2176
0.002929,95396756,95394940,1816
0.002929,95397472,95395656,1816
0.002958,95400892,95397116,3776
0.002958,95401248,95397472,3776
0.002958,95402708,95398932,3776
0.002974,95404032,95400392,3640
0.002979,95405492,95401852,3640
0.002979,95406348,95402708,3640
0.002992,95408176,95404168,4008
0.003003,95409268,95405628,3640
0.003003,95409988,95406348,3640
0.003003,95411448,95407808,3640
0.003014,95411812,95409268,2544
0.003027,95412912,95410728,2184
0.003032,95413632,95411448,2184
0.00304,95415452,95412908,2544
0.003053,95416184,95414368,1816
0.003057,95417268,95415452,1816
0.00307,95418728,95416912,1816
0.00307,95419084,95417268,1816
0.003092,95422368,95418728,3640
0.003099,95422724,95419084,3640
0.003105,95423088,95420544,2544
0.003109,95424548,95422004,2544
0.003118,95425528,95423464,2064
0.003122,95426612,95424548,2064
0.003131,95427576,95426008,1568
0.003135,95428180,95426612,1568
0.003148,95429888,95428072,1816
0.003148,95429996,95428180,1816
0.00316,95432544,95429640,2904
0.003175,95432188,95431100,1088
0.003175,95433632,95432544,1088
0.003209,95437652,95434004,3648
0.003215,95439104,95435456,3648
0.003222,95440148,95436916,3232
0.003236,95441792,95438376,3416
0.003243,95442744,95439104,3640
0.003253,95444340,95440564,3776
0.003265,95445440,95442024,3416
0.003265,95446160,95442744,3416
0.003265,95446388,95444204,2184
0.003278,95449176,95445664,3512
0.003278,95448208,95446160,2048
0.003288,95449708,95447620,2088
0.003291,95451168,95449080,2088
0.003301,95451620,95450540,1080
0.003305,95452248,95451168,1080
0.00334,95456268,95452628,3640
0.003345,95457080,95453440,3640
0.003353,95458900,95454900,4000
0.003366,95458536,95456360,2176
0.00337,95459256,95457080,2176
0.00337,95460716,95458540,2176
0.003392,95463640,95460000,3640
0.003398,95464356,95460716,3640
0.003405,95464712,95462176,2536
0.003409,95466172,95463636,2536
0.003423,95467352,95465096,2256
0.003423,95468428,95466172,2256
0.003444,95470840,95467632,3208
0.003449,95471636,95468428,3208
0.003457,95472344,95469888,2456
0.003461,95473804,95471348,2456
0.003461,95474092,95471636,2456
0.003471,95475272,95473096,2176
0.003484,95476372,95474556,1816
0.003487,95477088,95475272,1816
0.003501,95478556,95476732,1824
0.003501,95478912,95477088,1824
0.003523,95482188,95478548,3640
0.003529,95482552,95478912,3640
0.003536,95482908,95480372,2536
0.003539,95484368,95481832,2536
0.003548,95485116,95483292,1824
0.003552,95486192,95484368,1824
0.003562,95487804,95485828,1976
0.003568,95488168,95486192,1976
0.003575,95489828,95487652,2176
0.003588,95490928,95489112,1816
0.003592,95491644,95489828,1816
0.003606,95493104,95491288,1816
0.003606,95493460,95491644,1816
0.003627,95496872,95493104,3768
0.00364,95496508,95494564,1944
0.003644,95497228,95495284,1944
0.003644,95498688,95496744,1944
0.003666,95501852,95498204,3648
0.003673,95502336,95498688,3648
0.003679,95502692,95500148,2544
0.003683,95504152,95501608,2544
0.003697,95505956,95503068,2888
0.003697,95507040,95504152,2888
0.003718,95509612,95505612,4000
0.003732,95509256,95507072,2184
0.003736,95509976,95507792,2184
0.003736,95511436,95509252,2184
0.003757,95514352,95510712,3640
0.003762,95515076,95511436,3640
0.003771,95516472,95512896,3576
0.003775,95517932,95514356,3576
0.003788,95517252,95515076,2176
0.003788,95518712,95516536,2176
0.003809,95521636,95517996,3640
0.003817,95522352,95518712,3640
0.003822,95522708,95520172,2536
0.003826,95524168,95521632,2536
0.003835,95526108,95523092,3016
0.003848,95526352,95524168,2184
0.003853,95527812,95525628,2184
0.003864,95529136,95527088,2048
0.003864,95529860,95527812,2048
0.003875,95530864,95529272,1592
0.003878,95531452,95529860,1592
0.003888,95533136,95531320,1816
0.003893,95533268,95531452,1816
0.003901,95535088,95532912,2176
0.003917,95536196,95534372,1824
0.003917,95536912,95535088,1824
0.003945,95540732,95536548,4184
0.003945,95541096,95536912,4184
0.003966,95543556,95538372,5184
0.003971,95545016,95539832,5184
0.003982,95544620,95541292,3328
0.003983,95545480,95542152,3328
0.003983,95546940,95543612,3328
0.004005,95547560,95545072,2488
0.004008,95547968,95545480,2488
0.004008,95549428,95546940,2488
0.004031,95552040,95548400,3640
0.004036,95553068,95549428,3640
0.004044,95554888,95550888,4000
0.004063,95554524,95552348,2176
0.004064,95555244,95553068,2176
0.004064,95556704,95554528,2176
0.004083,95559628,95555988,3640
0.00409,95560344,95556704,3640
0.004097,95560700,95558164,2536
0.004101,95562160,95559624,2536
0.004112,95564084,95561084,3000
0.004122,95564336,95562160,2176
0.004126,95565796,95563620,2176
0.004141,95566896,95565080,1816
0.004141,95567612,95565796,1816
0.004161,95570904,95567256,3648
0.004168,95571260,95567612,3648
0.004175,95571616,95569072,2544
0.004179,95573076,95570532,2544
0.004188,95574840,95571992,2848
0.004201,95575252,95573076,2176
0.004204,95576712,95574536,2176
0.004219,95577820,95575996,1824
0.004219,95578536,95576712,1824
0.00424,95581588,95578172,3416
0.004247,95582184,95578536,3648
0.004253,95582308,95579996,2312
0.004257,95584000,95581456,2544
0.00427,95585924,95582916,3008
0.00427,95585816,95584000,1816
0.004292,95589236,95585460,3776
0.004305,95589096,95586920,2176
0.004309,95589592,95587416,2176
0.004309,95591052,95588876,2176
0.004331,95593984,95590336,3648
0.004338,95594700,95591052,3648
0.004344,95595056,95592512,2544
0.004347,95596516,95593972,2544
0.004361,95597304,95595432,1872
0.004361,95598388,95596516,1872
0.004383,95601560,95597976,3584
0.004389,95601972,95598388,3584
0.004396,95602328,95599848,2480
0.0044,95603788,95601308,2480
0.00441,95604584,95602768,1816
0.004414,95605604,95603788,1816
0.004422,95607064,95605248,1816
0.004428,95607420,95605604,1816
0.004436,95609240,95607064,2176
0.004448,95610340,95608524,1816
0.004452,95611056,95609240,1816
0.004466,95612524,95610700,1824
0.004466,95612880,95611056,1824
0.004487,95616156,95612516,3640
0.004494,95616520,95612880,3640
0.004501,95616884,95614340,2544
0.004504,95618344,95615800,2544
0.004514,95619076,95617260,1816
0.004518,95620160,95618344,1816
0.00454,95623444,95619804,3640
0.004547,95623800,95620160,3640
0.004553,95624156,95621620,2536
0.004557,95625616,95623080,2536
0.004571,95626364,95624540,1824
0.004571,95627440,95625616,1824
0.004592,95630492,95627076,3416
0.004599,95630856,95627440,3416
0.004605,95631212,95628900,2312
0.004609,95632672,95630360,2312
0.004623,95634996,95631820,3176
0.004623,95635848,95632672,3176
0.004644,95636412,95634132,2280
0.00465,95637872,95635592,2280
0.00465,95638128,95635848,2280
0.00467,95641780,95637308,4472
0.004683,95640952,95638768,2184
0.004688,95642136,95639952,2184
0.004688,95643596,95641412,2184
0.004709,95646512,95642872,3640
0.004715,95647236,95643596,3640
0.004722,95648928,95645056,3872
0.004736,95648692,95646516,2176
0.00474,95649412,95647236,2176
0.00474,95650872,95648696,2176
0.004761,95653804,95650156,3648
0.004768,95654520,95650872,3648
0.004775,95654876,95652332,2544
0.004779,95656336,95653792,2544
0.00479,95658020,95655252,2768
0.0048,95658520,95656336,2184
0.004804,95659980,95657796,2184
0.004819,95661072,95659256,1816
0.004819,95661796,95659980,1816
0.004839,95665088,95661440,3648
0.004846,95665444,95661796,3648
0.004853,95665800,95663256,2544
0.004856,95667260,95664716,2544
0.00487,95667992,95666176,1816
0.00487,95669076,95667260,1816
0.004892,95672136,95668720,3416
0.004898,95672724,95669076,3648
0.004905,95672848,95670536,2312
0.004909,95674540,95671996,2544
0.004929,95676336,95673456,2880
0.004935,95676356,95674540,1816
0.004944,95679776,95676000,3776
0.00498,95681100,95677460,3640
0.00498,95682560,95678920,3640
0.00498,95683416,95679776,3640
0.004996,95684876,95681236,3640
0.005002,95686336,95682696,3640
0.005002,95687056,95683416,3640
0.005009,95688876,95684876,4000
0.005022,95688152,95686336,1816
0.005027,95689612,95687796,1816
0.005027,95690692,95688876,1816
0.005049,95693984,95690336,3648
0.005056,95694340,95690692,3648
0.005067,95694696,95692152,2544
0.005067,95696156,95693612,2544
0.005087,95698712,95695072,3640
0.005093,95699796,95696156,3640
0.0051,95700776,95697616,3160
0.005104,95702236,95699076,3160
0.005114,95701972,95699796,2176
0.005118,95703432,95701256,2176
0.005129,95704708,95702716,1992
0.005129,95705424,95703432,1992
0.005144,95706540,95704892,1648
0.005144,95707072,95705424,1648
0.005166,95710524,95706884,3640
0.005173,95710712,95707072,3640
0.005178,95711076,95708532,2544
0.005182,95712536,95709992,2544
0.005192,95713268,95711452,1816
0.005196,95714352,95712536,1816
0.005207,95715812,95713996,1816
0.005207,95716168,95714352,1816
0.005218,95717988,95715812,2176
0.005231,95718864,95717272,1592
0.005235,95719812,95717988,1824
0.005249,95722096,95719448,2648
0.005249,95721628,95719812,1816
0.00527,95725048,95721272,3776
0.005283,95724916,95722732,2184
0.005287,95725404,95723220,2184
0.005287,95726864,95724680,2184
0.005296,95730100,95726140,3960
0.005309,95727576,95726864,712
0.005314,95729036,95728324,712
0.005314,95730496,95729784,712
0.005348,95734884,95731244,3640
0.005353,95735960,95732320,3640
0.005362,95737212,95733780,3432
0.005365,95738672,95735240,3432
0.005374,95738136,95735960,2176
0.005378,95739596,95737420,2176
0.005392,95740696,95738880,1816
0.005392,95741412,95739596,1816
0.005413,95744696,95741056,3640
0.005416,95745052,95741412,3640
0.005426,95745408,95742872,2536
0.00543,95746868,95744332,2536
0.00544,95747608,95745792,1816
0.005444,95748684,95746868,1816
0.005453,95750144,95748328,1816
0.005459,95750500,95748684,1816
0.005466,95752320,95750144,2176
0.005479,95753428,95751604,1824
0.005483,95754144,95752320,1824
0.005496,95755596,95753780,1816
0.005496,95755960,95754144,1816
0.005518,95759252,95755604,3648
0.005525,95759608,95755960,3648
0.005531,95759964,95757420,2544
0.005535,95761424,95758880,2544
0.005557,95763756,95760340,3416
0.005564,95764840,95761424,3416
0.005574,95766660,95762884,3776
0.005586,95767992,95764344,3648
0.005586,95768488,95764840,3648
0.005586,95769948,95766300,3648
0.005597,95770304,95767760,2544
0.005609,95771396,95769220,2176
0.005615,95772124,95769948,2176
0.005635,95775048,95771408,3640
0.005642,95775764,95772124,3640
0.005649,95776128,95773584,2544
0.005653,95777588,95775044,2544
0.005661,95780200,95776504,3696
0.005674,95779764,95777588,2176
0.005678,95781224,95779048,2176
0.005693,95782900,95780508,2392
0.005693,95783616,95781224,2392
0.005713,95786684,95782684,4000
0.005726,95786320,95784144,2176
0.005731,95787040,95784864,2176
0.005731,95788500,95786324,2176
0.005752,95791432,95787784,3648
0.005759,95792148,95788500,3648
0.005765,95792504,95789960,2544
0.00577,95793964,95791420,2544
0.005784,95795304,95792880,2424
0.005784,95796388,95793964,2424
0.005805,95798464,95795424,3040
0.00581,95799428,95796388,3040
0.00582,95799664,95797848,1816
0.00582,95801124,95799308,1816
0.00582,95801244,95799428,1816
0.005835,95803064,95800888,2176
0.005844,95804732,95802348,2384
0.005857,95805248,95803064,2184
0.00586,95806708,95804524,2184
0.00587,95807800,95805984,1816
0.005873,95808524,95806708,1816
0.005883,95809920,95808168,1752
0.005887,95810340,95808524,1816
0.005896,95811984,95809984,2000
0.005901,95812164,95810340,1824
0.005909,95813752,95811800,1952
0.00593,95816324,95813260,3064
0.00593,95816816,95813752,3064
0.005948,95817604,95815212,2392
0.005966,95819064,95816672,2392
0.005966,95819208,95816816,2392
0.005988,95824684,95818276,6408
0.006,95822280,95819736,2544
0.006005,95823576,95821032,2544
0.006005,95825036,95822492,2544
0.006005,95826496,95823952,2544
0.006027,95829052,95825412,3640
0.006032,95830136,95826496,3640
0.006039,95831956,95827956,4000
0.006052,95831592,95829416,2176
0.006057,95832312,95830136,2176
0.006057,95833772,95831596,2176
0.006078,95836696,95833056,3640
0.006085,95837412,95833772,3640
0.006091,95837776,95835232,2544
0.006095,95839236,95836692,2544
0.00611,95839968,95838152,1816
0.00611,95841052,95839236,1816
0.006131,95844336,95840696,3640
0.006138,95844692,95841052,3640
0.006144,95845048,95842512,2536
0.006148,95846508,95843972,2536
0.00617,95848848,95845432,3416
0.006175,95850156,95846508,3648
0.006183,95851744,95847968,3776
0.006196,95851380,95849428,1952
0.0062,95852108,95850156,1952
0.0062,95853792,95851616,2176
0.006209,95856852,95853076,3776
0.006222,95854280,95853792,488
0.006238,95855740,95855252,488
0.006238,95857200,95856712,488
0.006261,95861812,95858172,3640
0.006266,95862672,95859032,3640
0.006274,95864060,95860492,3568
0.006278,95865520,95861952,3568
0.006287,95864856,95862672,2184
0.006291,95866316,95864132,2184
0.0063,95867408,95865592,1816
0.006304,95868132,95866316,1816
0.006314,95869592,95867776,1816
0.006319,95869948,95868132,1816
0.006326,95871768,95869592,2176
0.006339,95872868,95871052,1816
0.006342,95873584,95871768,1816
0.006365,95876868,95873228,3640
0.006372,95877224,95873584,3640
0.006378,95877580,95875044,2536
0.006382,95879040,95876504,2536
0.006405,95881604,95877964,3640
0.006411,95882680,95879040,3640
0.006421,95884500,95880500,4000
0.006436,95884136,95881960,2176
0.006436,95884856,95882680,2176
0.006436,95886316,95884140,2176
0.006457,95889248,95885600,3648
0.006464,95889964,95886316,3648
0.00647,95890320,95887776,2544
0.006473,95891780,95889236,2544
0.006483,95892512,95890696,1816
0.006496,95893596,95891780,1816
0.006509,95896656,95893240,3416
0.006516,95897012,95893596,3416
0.006522,95897368,95895056,2312
0.006526,95898828,95896516,2312
0.00654,95901096,95897976,3120
0.00654,95901948,95898828,3120
0.006561,95902632,95900288,2344
0.006567,95904092,95901748,2344
0.006567,95904292,95901948,2344
0.006587,95907936,95903408,4528
0.0066,95907044,95904868,2176
0.006605,95908292,95906116,2176
0.006605,95909752,95907576,2176
0.006626,95912676,95909036,3640
0.006633,95913392,95909752,3640
0.006639,95913748,95911212,2536
0.006643,95915208,95912672,2536
0.006652,95917268,95914132,3136
0.006665,95917392,95915208,2184
0.006669,95918852,95916668,2184
0.006682,95919944,95918128,1816
0.006682,95920668,95918852,1816
0.006705,95923960,95920312,3648
0.006711,95924316,95920668,3648
0.006717,95924672,95922128,2544
0.006721,95926132,95923588,2544
0.006731,95926864,95925048,1816
0.006734,95927948,95926132,1816
0.006744,95929408,95927592,1816
0.006748,95929764,95927948,1816
0.006757,95931584,95929408,2176
0.00677,95932684,95930868,1816
0.006773,95933400,95931584,1816
0.006787,95934860,95933044,1816
0.006787,95935216,95933400,1816
0.006797,95937284,95934860,2424
0.006809,95937896,95936320,1576
0.006812,95938860,95937284,1576
0.006835,95942160,95938744,3416
0.006841,95942276,95938860,3416
0.006849,95942632,95940320,2312
0.006853,95944092,95941780,2312
0.006863,95946920,95943240,3680
0.006864,95947772,95944092,3680
0.006875,95947728,95945552,2176
0.006888,95948796,95947012,1784
0.006893,95949556,95947772,1784
0.006916,95952872,95949232,3640
0.006916,95953196,95949556,3640
0.006955,95955376,95951016,4360
0.006955,95956836,95952476,4360
0.006978,95961216,95953936,7280
0.006985,95962300,95955020,7280
0.006991,95959728,95956480,3248
0.006996,95961188,95957940,3248
0.006996,95962648,95959400,3248
0.006996,95964108,95960860,3248
0.007017,95965968,95962320,3648
0.007023,95966296,95962648,3648
0.007023,95967756,95964108,3648
0.007035,95969576,95965568,4008
0.007043,95969796,95967028,2768
0.007047,95970524,95967756,2768
0.007047,95971984,95969216,2768
0.007056,95973220,95970676,2544
0.00707,95975040,95971984,3056
0.007083,95975260,95973444,1816
0.007087,95976720,95974904,1816
0.007087,95976856,95975040,1816
0.007096,95978676,95976500,2176
0.007109,95979776,95977960,1816
0.007114,95980492,95978676,1816
0.007122,95982144,95980136,2008
0.007127,95982500,95980492,2008
0.007135,95984136,95981952,2184
0.007148,95985228,95983412,1816
0.007152,95985952,95984136,1816
0.007167,95987420,95985596,1824
0.007167,95987776,95985952,1824
0.007187,95991196,95987412,3784
0.0072,95990824,95988872,1952
0.007204,95991552,95989600,1952
0.007204,95993012,95991060,1952
0.007215,95995680,95992520,3160
0.007215,95996172,95993012,3160
0.007232,95995600,95994472,1128
0.007232,95997060,95995932,1128
0.007232,95997300,95996172,1128
0.007265,96001280,95997632,3648
0.00727,96002116,95998468,3648
0.007278,96003640,95999928,3712
0.007281,96005100,96001388,3712
0.007296,96004292,96002116,2176
0.007296,96005752,96003576,2176
0.007305,96007572,96005036,2536
0.007323,96008328,96006496,1832
0.007323,96009404,96007572,1832
0.007343,96012656,96009032,3624
0.00735,96013028,96009404,3624
0.007357,96013392,96010864,2528
0.007361,96014852,96012324,2528
0.00737,96016240,96013784,2456
0.007374,96017308,96014852,2456
0.007387,96017872,96016312,1560
0.007387,96018868,96017308,1560
0.007409,96022024,96018768,3256
0.007416,96022124,96018868,3256
0.007422,96022480,96020328,2152
0.007425,96023940,96021788,2152
0.007437,96025248,96023248,2000
0.007438,96025940,96023940,2000
0.007448,96027032,96025400,1632
0.007452,96027572,96025940,1632
0.007464,96029216,96027400,1816
0.007464,96029388,96027572,1816
0.007474,96031216,96029032,2184
0.007487,96032308,96030492,1816
0.007491,96033032,96031216,1816
0.007506,96034492,96032676,1816
0.007506,96034848,96033032,1816
0.007526,96038268,96034492,3776
0.007539,96037896,96035952,1944
0.007544,96038624,96036680,1944
0.007544,96040316,96038140,2176
0.007566,96043016,96039600,3416
0.007571,96043732,96040316,3416
0.007578,96045552,96041776,3776
0.007591,96045412,96043236,2176
0.007596,96045908,96043732,2176
0.007596,96047368,96045192,2176
0.007618,96050292,96046652,3640
0.007625,96051008,96047368,3640
0.007635,96051364,96048828,2536
0.007635,96052824,96050288,2536
0.007656,96055388,96051748,3640
0.007661,96056464,96052824,3640
0.007672,96057204,96054284,2920
0.007672,96058664,96055744,2920
0.007672,96059384,96056464,2920
0.007688,96059860,96057924,1936
0.007688,96061320,96059384,1936
0.007709,96063268,96060844,2424
0.007714,96063744,96061320,2424
0.007722,96065572,96062780,2792
0.007735,96066056,96064240,1816
0.007738,96067388,96065572,1816
0.007748,96068848,96067032,1816
0.007753,96069204,96067388,1816
0.007761,96071024,96068848,2176
0.007787,96073956,96070308,3648
0.007794,96074672,96071024,3648
0.0078,96075028,96072484,2544
0.007804,96076488,96073944,2544
0.007816,96077396,96075404,1992
0.007816,96078480,96076488,1992
0.007831,96079596,96077948,1648
0.007831,96080128,96078480,1648
0.007853,96083356,96079940,3416
0.00786,96083544,96080128,3416
0.007865,96083900,96081588,2312
0.007869,96085360,96083048,2312
0.007878,96087140,96084508,2632
0.007884,96087992,96085360,2632
0.007891,96088996,96086820,2176
0.007904,96090104,96088280,1824
0.007908,96090820,96088996,1824
0.007941,96092616,96090456,2160
0.007941,96092980,96090820,2160
0.007969,96099928,96092280,7648
0.007988,96096268,96093740,2528
0.007988,96097728,96095200,2528
0.007988,96098812,96096284,2528
0.007988,96100272,96097744,2528
0.007988,96101732,96099204,2528
0.008009,96104312,96100664,3648
0.008015,96105380,96101732,3648
0.008023,96107200,96103192,4008
0.008035,96106828,96104652,2176
0.008039,96107556,96105380,2176
0.008039,96109016,96106840,2176
0.008061,96111940,96108300,3640
0.008068,96112656,96109016,3640
0.008078,96113012,96110476,2536
0.008078,96114472,96111936,2536
0.0081,96117044,96113396,3648
0.008106,96118120,96114472,3648
0.008113,96119172,96115932,3240
0.008126,96120808,96117392,3416
0.008132,96121760,96118120,3640
0.008142,96123356,96119580,3776
0.008157,96123368,96121040,2328
0.008157,96124088,96121760,2328
0.008157,96125396,96123220,2176
0.008178,96128096,96124680,3416
0.008183,96128812,96125396,3416
0.008194,96130144,96126856,3288
0.008194,96131604,96128316,3288
0.008194,96132100,96128812,3288
0.008204,96132456,96130272,2184
0.008218,96133908,96131732,2176
0.008223,96134276,96132100,2176
0.00823,96136104,96133560,2544
0.008243,96136836,96135020,1816
0.008246,96137920,96136104,1816
0.008259,96139780,96137564,2216
0.008259,96140136,96137920,2216
0.00827,96141564,96139380,2184
0.008283,96142656,96140840,1816
0.008287,96143380,96141564,1816
0.008296,96144840,96143024,1816
0.008302,96145196,96143380,1816
0.008309,96147016,96144840,2176
0.008322,96148116,96146300,1816
0.008326,96148832,96147016,1816
0.00834,96150292,96148476,1816
0.00834,96150648,96148832,1816
0.008361,96154292,96150292,4000
0.008374,96153928,96151752,2176
0.008378,96154648,96152472,2176
0.008378,96156108,96153932,2176
0.008387,96158272,96155392,2880
0.0084,96158292,96156108,2184
0.008404,96159752,96157568,2184
0.008417,96160844,96159028,1816
0.008417,96161568,96159752,1816
0.008439,96164852,96161212,3640
0.008446,96165208,96161568,3640
0.008453,96165564,96163028,2536
0.008456,96167024,96164488,2536
0.008466,96167764,96165948,1816
0.00847,96168840,96167024,1816
0.008479,96170300,96168484,1816
0.008484,96170656,96168840,1816
0.008491,96172476,96170300,2176
0.008505,96173352,96171760,1592
0.008509,96174292,96172476,1816
0.00852,96176808,96173936,2872
0.00852,96176116,96174292,1824
0.008531,96177704,96175752,1952
0.008544,96179028,96177212,1816
0.008548,96179520,96177704,1816
0.008557,96182804,96179164,3640
0.00857,96180232,96179520,712
0.008574,96181692,96180980,712
0.008574,96183152,96182440,712
0.008609,96187548,96183900,3648
0.008614,96188624,96184976,3648
0.008625,96189540,96186436,3104
0.008625,96191000,96187896,3104
0.008625,96191728,96188624,3104
0.008635,96192268,96190084,2184
0.008648,96193904,96191544,2360
0.008653,96194088,96191728,2360
0.008661,96195908,96193188,2720
0.008674,96196472,96194648,1824
0.008678,96197732,96195908,1824
0.008692,96199184,96197368,1816
0.008692,96199548,96197732,1816
0.008714,96202832,96199192,3640
0.00872,96203188,96199548,3640
0.008726,96203544,96201008,2536
0.00873,96205004,96202468,2536
0.008739,96205744,96203928,1816
0.008743,96206820,96205004,1816
0.008765,96210112,96206464,3648
0.008773,96210468,96206820,3648
0.008778,96210824,96208280,2544
0.008782,96212284,96209740,2544
0.008797,96213504,96211200,2304
0.008797,96214588,96212284,2304
0.008818,96216904,96213744,3160
0.008824,96217748,96214588,3160
0.00883,96219568,96216048,3520
0.008844,96219460,96217508,1952
0.008848,96219924,96217748,2176
0.008848,96221384,96219208,2176
0.00887,96224092,96220668,3424
0.008876,96224808,96221384,3424
0.008884,96226628,96222844,3784
0.008896,96226480,96224304,2176
0.0089,96226984,96224808,2176
0.0089,96228444,96226268,2176
0.008917,96231352,96227728,3624
0.008917,96232068,96228444,3624
0.008962,96233568,96229904,3664
0.008962,96235028,96231364,3664
0.008962,96235732,96232068,3664
0.008962,96237552,96233528,4024
0.008982,96239372,96234988,4384
0.008989,96240088,96236448,3640
0.008989,96241192,96237552,3640
0.009,96241292,96239012,2280
0.009005,96242752,96240472,2280
0.009005,96243472,96241192,2280
0.009017,96245276,96242652,2624
0.009026,96246832,96244112,2720
0.009039,96247012,96245276,1736
0.009044,96248472,96246736,1736
0.009055,96250332,96248196,2136
0.009055,96250608,96248472,2136
0.009065,96252108,96249932,2176
0.009078,96253208,96251392,1816
0.009082,96253924,96252108,1816
0.009091,96255392,96253568,1824
0.009096,96255748,96253924,1824
0.009105,96257568,96255384,2184
0.009117,96258660,96256844,1816
0.009121,96259384,96257568,1816
0.009135,96260844,96259028,1816
0.009136,96261200,96259384,1816
0.009157,96264852,96260844,4008
0.00917,96264968,96262304,2664
0.009173,96265208,96262312,2896
0.009173,96266668,96263772,2896
0.009183,96268072,96265232,2840
0.009196,96270084,96266668,3416
0.009214,96270440,96268128,2312
0.009214,96271900,96269588,2312
0.009214,96272132,96270084,2048
0.009235,96275544,96271544,4000
0.009248,96275180,96273004,2176
0.009252,96275900,96273724,2176
0.009253,96277360,96275184,2176
0.009274,96280292,96276644,3648
0.009281,96281008,96277360,3648
0.009288,96281364,96278820,2544
0.009292,96282824,96280280,2544
0.0093,96285860,96281740,4120
0.009313,96283536,96282824,712
0.009318,96284996,96284284,712
0.009318,96286456,96285744,712
0.009352,96290844,96287204,3640
0.009357,96291920,96288280,3640
0.009365,96293140,96289740,3400
0.009369,96294600,96291200,3400
0.009378,96294096,96291920,2176
0.009382,96295556,96293380,2176
0.009396,96296656,96294840,1816
0.009397,96297372,96295556,1816
0.009417,96300656,96297016,3640
0.009425,96301012,96297372,3640
0.00943,96301376,96298832,2544
0.009434,96302836,96300292,2544
0.009447,96303568,96301752,1816
0.009447,96304652,96302836,1816
0.00947,96307944,96304296,3648
0.009477,96308300,96304652,3648
0.009482,96308656,96306112,2544
0.009486,96310116,96307572,2544
0.009496,96311632,96309032,2600
0.009501,96311932,96310116,1816
0.009509,96313528,96311576,1952
0.009522,96314852,96313036,1816
0.009525,96315344,96313528,1816
0.009539,96316804,96314988,1816
0.009539,96317160,96315344,1816
0.009552,96320444,96316804,3640
0.009561,96322208,96318264,3944
0.009567,96320532,96319724,808
0.009567,96321252,96320444,808
0.009572,96322512,96321904,608
0.04998,96371056,96321904,49152
0.050009,96371788,96323364,48424
0.050021,96371424,96324824,46600
0.050021,96372884,96326284,46600
0.050021,96372680,96327744,44936
0.050021,96372388,96329204,43184
0.050021,96372104,96330664,41440
0.050021,96373564,96332124,41440
0.050021,96373352,96333584,39768
0.050021,96373068,96335044,38024
0.050033,96372784,96336504,36280
0.050033,96374244,96337964,36280
0.050033,96374032,96339424,34608
0.050033,96373740,96340884,32856
0.050033,96373456,96342344,31112
0.050033,96374916,96343804,31112
0.050033,96374704,96345264,29440
0.050033,96374420,96346724,27696
0.050044,96374128,96348184,25944
0.050044,96375588,96349644,25944
0.050044,96375384,96351104,24280
0.050063,96377428,96352564,24864
0.050063,96378888,96354024,24864
0.050064,96378676,96355484,23192
0.050064,96378384,96356944,21440
0.050064,96378108,96358404,19704
0.050064,96379568,96359864,19704
0.050064,96379348,96361324,18024
0.050081,96379064,96362784,16280
0.050081,96378780,96364244,14536
0.050081,96380240,96365704,14536
0.050081,96380028,96367164,12864
0.050081,96379736,96368624,11112
0.050081,96379460,96370084,9376
0.050081,96380432,96371056,9376
0.050081,96380508,96372516,7992
0.050094,96381968,96373976,7992
0.050094,96381756,96375436,6320
0.050094,96381464,96376896,4568
0.050094,96381188,96378356,2832
0.050105,96383584,96379816,3768
0.050105,96384200,96380432,3768
0.050105,96385284,96381892,3392
0.050116,96385776,96383352,2424
0.050121,96386244,96384812,1432
0.050121,96386716,96385284,1432
0.25294,96435868,96386716,49152
0.252954,96437328,96388176,49152
0.252966,96437284,96389636,47648
0.252966,96437008,96391096,45912
0.252966,96436716,96392556,44160
0.252966,96438176,96394016,44160
0.252966,96437956,96395476,42480
0.252966,96437680,96396936,40744
0.252966,96437388,96398396,38992
0.252966,96438848,96399856,38992
0.252975,96438636,96401316,37320
0.252975,96438360,96402776,35584
0.252975,96438068,96404236,33832
0.252975,96439528,96405696,33832
0.252975,96439316,96407156,32160
0.252976,96439032,96408616,30416
0.252976,96438740,96410076,28664
0.252976,96440200,96411536,28664
0.252985,96439988,96412996,26992
0.252985,96439712,96414456,25256
0.252985,96439420,96415916,23504
0.252985,96440880,96417376,23504
0.252985,96440668,96418836,21832
0.252985,96440384,96420296,20088
0.252985,96440100,96421756,18344
0.252985,96441560,96423216,18344
0.252996,96441340,96424676,16664
0.252996,96441056,96426136,14920
0.252996,96440772,96427596,13176
0.252996,96442232,96429056,13176
0.252996,96442020,96430516,11504
0.252996,96441736,96431976,9760
0.252996,96441452,96433436,8016
0.252996,96442912,96434896,8016
0.253008,96442204,96435868,6336
0.253008,96441928,96437328,4600
0.253016,96444548,96438788,5760
0.253016,96444264,96440248,4016
0.253016,96443980,96441708,2272
0.253032,96446384,96443168,3216
0.253032,96446012,96444548,1464
0.253042,96449200,96446008,3192
0.253057,96450420,96447468,2952
0.253057,96450640,96448928,1712
0.253057,96450912,96449200,1712
0.253074,96452916,96450660,2256
0.253074,96451824,96450912,912
0.253082,96454964,96452372,2592
0.253097,96456096,96453832,2264
0.253097,96455940,96454964,976
0.460939,96505092,96455940,49152
0.460953,96505336,96457400,47936
0.460962,96506796,96458860,47936
0.460962,96506560,96460320,46240
0.460962,96506276,96461780,44496
0.460962,96505992,96463240,42752
0.460962,96507452,96464700,42752
0.460962,96507240,96466160,41080
0.460962,96506948,96467620,39328
0.460962,96506664,96469080,37584
0.460977,96508124,96470540,37584
0.460977,96507912,96472000,35912
0.460977,96507628,96473460,34168
0.460977,96507344,96474920,32424
0.460977,96508804,96476380,32424
0.460977,96508592,96477840,30752
0.460977,96508300,96479300,29000
0.460977,96508024,96480760,27264
0.460989,96509484,96482220,27264
0.460989,96509264,96483680,25584
0.460989,96508980,96485140,23840
0.460989,96508696,96486600,22096
0.460989,96510156,96488060,22096
0.460989,96509944,96489520,20424
0.460989,96509652,96490980,18672
0.460989,96509376,96492440,16936
0.461,96510836,96493900,16936
0.461,96510616,96495360,15256
0.461,96510332,96496820,13512
0.461,96510048,96498280,11768
0.461,96511508,96499740,11768
0.461,96511296,96501200,10096
0.461,96511004,96502660,8344
0.461,96510728,96504120,6608
0.461011,96511700,96505092,6608
0.46102,96514288,96506552,7736
0.46102,96513996,96508012,5984
0.46102,96513712,96509472,4240
0.46102,96515060,96510932,4128
0.46102,96515828,96511700,4128
0.461033,96516872,96513160,3712
0.461033,96517324,96514620,2704
0.461048,96517944,96516080,1864
0.461048,96518736,96516872,1864
0.461064,96520660,96518332,2328
0.461064,96521064,96518736,2328
0.461073,96522956,96520196,2760
0.461105,96524384,96521656,2728
0.461105,96525684,96522956,2728
0.461122,96529616,96524416,5200
0.461123,96529628,96525684,3944
0.461138,96530248,96527144,3104
0.461138,96531708,96528604,3104
0.461151,96532448,96530064,2384
0.461151,96532632,96530248,2384
0.461151,96533700,96531708,1992
0.461168,96535296,96533168,2128
0.461168,96534100,96533700,400
0.461177,96537344,96535160,2184
0.461192,96538028,96536620,1408
0.461192,96538752,96537344,1408
0.668937,96587568,96538752,48816
0.668957,96589364,96540212,49152
0.668957,96588968,96541672,47296
0.668957,96588676,96543132,45544
0.668957,96590136,96544592,45544
0.668957,96589876,96546052,43824
0.66897,96589640,96547512,42128
0.66897,96589348,96548972,40376
0.66897,96590808,96550432,40376
0.66897,96590540,96551892,38648
0.66897,96590312,96553352,36960
0.66897,96590028,96554812,35216
0.66897,96591488,96556272,35216
0.66897,96591212,96557732,33480
0.668982,96590992,96559192,31800
0.668982,96590708,96560652,30056
0.668982,96592168,96562112,30056
0.668982,96591884,96563572,28312
0.668982,96591664,96565032,26632
0.668982,96591380,96566492,24888
0.668982,96592840,96567952,24888
0.668982,96592564,96569412,23152
0.668994,96592344,96570872,21472
0.668994,96592060,96572332,19728
0.668994,96593520,96573792,19728
0.668994,96593236,96575252,17984
0.668994,96593024,96576712,16312
0.668994,96592732,96578172,14560
0.668994,96594192,96579632,14560
0.668994,96593916,96581092,12824
0.669009,96593696,96582552,11144
0.669009,96593412,96584012,9400
0.669009,96594872,96585472,9400
0.669009,96594588,96586932,7656
0.669009,96593552,96587568,5984
0.669021,96596588,96589028,7560
0.669021,96596296,96590488,5808
0.669021,96597756,96591948,5808
0.669021,96597936,96593408,4528
0.669032,96599964,96594868,5096
0.669032,96599672,96596328,3344
0.669032,96599932,96596588,3344
0.669048,96600352,96598048,2304
0.669048,96601812,96599508,2304
0.669064,96602904,96600968,1936
0.669064,96603748,96601812,1936
0.66908,96606128,96603272,2856
0.66908,96605372,96603748,1624
0.669089,96608176,96605208,2968
0.669104,96609316,96606668,2648
0.669104,96609224,96608128,1096
0.669104,96609272,96608176,1096
0.876942,96657744,96609272,48472
0.876978,96659884,96610732,49152
0.876978,96659752,96612192,47560
0.876978,96659460,96613652,45808
0.876978,96659176,96615112,44064
0.876978,96660636,96616572,44064
0.876978,96660424,96618032,42392
0.876978,96660132,96619492,40640
0.876978,96659856,96620952,38904
0.876996,96661316,96622412,38904
0.876996,96661096,96623872,37224
0.876996,96660812,96625332,35480
0.876996,96660536,96626792,33744
0.876996,96661996,96628252,33744
0.876996,96661776,96629712,32064
0.876996,96661484,96631172,30312
0.876996,96661208,96632632,28576
0.877009,96662668,96634092,28576
0.877009,96662448,96635552,26896
0.877009,96662164,96637012,25152
0.877009,96661888,96638472,23416
0.877009,96663348,96639932,23416
0.877009,96663128,96641392,21736
0.877009,96662844,96642852,19992
0.877009,96662560,96644312,18248
0.87702,96664020,96645772,18248
0.87702,96663800,96647232,16568
0.877021,96663516,96648692,14824
0.877021,96663240,96650152,13088
0.877021,96664700,96651612,13088
0.877021,96664480,96653072,11408
0.877021,96664196,96654532,9664
0.877021,96663912,96655992,7920
0.877037,96665372,96657452,7920
0.877037,96663992,96657744,6248
0.877037,96669556,96659204,10352
0.877037,96671016,96660664,10352
0.877037,96670796,96662124,8672
0.877049,96670520,96663584,6936
0.877049,96672180,96665044,7136
0.877059,96671896,96666504,5392
0.877059,96673356,96667964,5392
0.877059,96673152,96669424,3728
0.877059,96673284,96669556,3728
0.877059,96673064,96671016,2048
0.877069,96675484,96672476,3008
0.877085,96676096,96673936,2160
0.877085,96675804,96675396,408
0.877085,96675892,96675484,408
1.08495,96725044,96675892,49152
1.084974,96726504,96677352,49152
1.084974,96726476,96678812,47664
1.084987,96726184,96680272,45912
1.084987,96725900,96681732,44168
1.084987,96727360,96683192,44168
1.084987,96727148,96684652,42496
1.084987,96726864,96686112,40752
1.084987,96726572,96687572,39000
1.084987,96728032,96689032,39000
1.084987,96727828,96690492,37336
1.085,96727536,96691952,35584
1.085,96727252,96693412,33840
1.085,96728712,96694872,33840
1.085,96728500,96696332,32168
1.085,96728216,96697792,30424
1.085,96727924,96699252,28672
1.085,96729384,96700712,28672
1.085,96729180,96702172,27008
1.085012,96728896,96703632,25264
1.085012,96728604,96705092,23512
1.085012,96730064,96706552,23512
1.085012,96729852,96708012,21840
1.085012,96729568,96709472,20096
1.085012,96729276,96710932,18344
1.085012,96730736,96712392,18344
1.085013,96730532,96713852,16680
1.085024,96730240,96715312,14928
1.085024,96729956,96716772,13184
1.085024,96731416,96718232,13184
1.085024,96731204,96719692,11512
1.085024,96730920,96721152,9768
1.085024,96730628,96722612,8016
1.085024,96732088,96724072,8016
1.085024,96731380,96725044,6336
1.085044,96734568,96726504,8064
1.085044,96734276,96727964,6312
1.085044,96734000,96729424,4576
1.085044,96734884,96730884,4000
1.085044,96735380,96731380,4000
1.085055,96737320,96732840,4480
1.085055,96737572,96734300,3272
1.085071,96738160,96735760,2400
1.085071,96737868,96737220,648
1.085071,96737968,96737320,648
1.292938,96787120,96737968,49152
1.292952,96787604,96739428,48176
1.292962,96789064,96740888,48176
1.292962,96788756,96742348,46408
1.292962,96788520,96743808,44712
1.292962,96788236,96745268,42968
1.292962,96789696,96746728,42968
1.292962,96789420,96748188,41232
1.292962,96789200,96749648,39552
1.292962,96788908,96751108,37800
1.292974,96790368,96752568,37800
1.292974,96790092,96754028,36064
1.292974,96789872,96755488,34384
1.292974,96789588,96756948,32640
1.292974,96791048,96758408,32640
1.292974,96790756,96759868,30888
1.292974,96790552,96761328,29224
1.292974,96790260,96762788,27472
1.292986,96791720,96764248,27472
1.292986,96791436,96765708,25728
1.292986,96791232,96767168,24064
1.292986,96790940,96768628,22312
1.292986,96792400,96770088,22312
1.292986,96792108,96771548,20560
1.292986,96791904,96773008,18896
1.292986,96791612,96774468,17144
1.292995,96793072,96775928,17144
1.292995,96792788,96777388,15400
1.292995,96792584,96778848,13736
1.292995,96792292,96780308,11984
1.292996,96793752,96781768,11984
1.292996,96793468,96783228,10240
1.292996,96793256,96784688,8568
1.292996,96792964,96786148,6816
1.293006,96793936,96787120,6816
1.293014,96795668,96788580,7088
1.293014,96795392,96790040,5352
1.293014,96795100,96791500,3600
1.293014,96796560,96792960,3600
1.293025,96798188,96794420,3768
1.293025,96798204,96795668,2536
1.29304,96799160,96797128,2032
1.293056,96800796,96798588,2208
1.293056,96801368,96799160,2208
1.293065,96803692,96800620,3072
1.293079,96804584,96802080,2504
1.293079,96804308,96803540,768
1.293079,96804460,96803692,768
1.500937,96853612,96804460,49152
1.500952,96854856,96805920,48936
1.500961,96854444,96807380,47064
1.500961,96854160,96808840,45320
1.500961,96855620,96810300,45320
1.500961,96855400,96811760,43640
1.500961,96855124,96813220,41904
1.500961,96854832,96814680,40152
1.500961,96856292,96816140,40152
1.500961,96856080,96817600,38480
1.500976,96855796,96819060,36736
1.500976,96855512,96820520,34992
1.500976,96856972,96821980,34992
1.500976,96856752,96823440,33312
1.500976,96856476,96824900,31576
1.500976,96856184,96826360,29824
1.500977,96857644,96827820,29824
1.500977,96857432,96829280,28152
1.500986,96857148,96830740,26408
1.500986,96856864,96832200,24664
1.500986,96858324,96833660,24664
1.500986,96858104,96835120,22984
1.500986,96857828,96836580,21248
1.500986,96857536,96838040,19496
1.500986,96858996,96839500,19496
1.500986,96858784,96840960,17824
1.500997,96858500,96842420,16080
1.500997,96858216,96843880,14336
1.500997,96859676,96845340,14336
1.500998,96859464,96846800,12664
1.500998,96859180,96848260,10920
1.500998,96858888,96849720,9168
1.500998,96860348,96851180,9168
1.500998,96860136,96852640,7496
1.501004,96859364,96853612,5752
1.501016,96861952,96855072,6880
1.501016,96863412,96856532,6880
1.501016,96863200,96857992,5208
1.501031,96864700,96859452,5248
1.501031,96864416,96860912,3504
1.501031,96865456,96861952,3504
1.501031,96865244,96863412,1832
1.501049,96866304,96864872,1432
1.501049,96866888,96865456,1432
1.708937,96916016,96866888,49128
1.708956,96916172,96868348,47824
1.708957,96917632,96869808,47824
1.708957,96917420,96871268,46152
1.708957,96917128,96872728,44400
1.708957,96916844,96874188,42656
1.708971,96918304,96875648,42656
1.708971,96918092,96877108,40984
1.708971,96917808,96878568,39240
1.708971,96917516,96880028,37488
1.708971,96918976,96881488,37488
1.708971,96918772,96882948,35824
1.708971,96918480,96884408,34072
1.708971,96918196,96885868,32328
1.708981,96919656,96887328,32328
1.708981,96919444,96888788,30656
1.708981,96919160,96890248,28912
1.708981,96918868,96891708,27160
1.708981,96920328,96893168,27160
1.708981,96920124,96894628,25496
1.708981,96919832,96896088,23744
1.708981,96919548,96897548,22000
1.708992,96921008,96899008,22000
1.708992,96920796,96900468,20328
1.708992,96920512,96901928,18584
1.708992,96920220,96903388,16832
1.708993,96921680,96904848,16832
1.708993,96921476,96906308,15168
1.708993,96921192,96907768,13424
1.708993,96920900,96909228,11672
1.709006,96922360,96910688,11672
1.709006,96922148,96912148,10000
1.709006,96921864,96913608,8256
1.709006,96921572,96915068,6504
1.709006,96922520,96916016,6504
1.709016,96924508,96917476,7032
1.709016,96924232,96918936,5296
1.709016,96923940,96920396,3544
1.709028,96926192,96921856,4336
1.709028,96926856,96922520,4336
1.709028,96926228,96923980,2248
1.709037,96928968,96925440,3528
1.709052,96929732,96926900,2832
1.709052,96929448,96928360,1088
1.709052,96930056,96928968,1088
1.916938,96979208,96930056,49152
1.916957,96980460,96931516,48944
1.916957,96980040,96932976,47064
1.916957,96979764,96934436,45328
1.916957,96981224,96935896,45328
1.916957,96981004,96937356,43648
1.916969,96980720,96938816,41904
1.916969,96980436,96940276,40160
1.916969,96981896,96941736,40160
1.916969,96981676,96943196,38480
1.916969,96981392,96944656,36736
1.916969,96981116,96946116,35000
1.916969,96982576,96947576,35000
1.916969,96982356,96949036,33320
1.916981,96982072,96950496,31576
1.916981,96981788,96951956,29832
1.916981,96983248,96953416,29832
1.916981,96983036,96954876,28160
1.916981,96982744,96956336,26408
1.916981,96982468,96957796,24672
1.916981,96983928,96959256,24672
1.916981,96983708,96960716,22992
1.916992,96983424,96962176,21248
1.916992,96983140,96963636,19504
1.916992,96984600,96965096,19504
1.916992,96984388,96966556,17832
1.916992,96984096,96968016,16080
1.916992,96983820,96969476,14344
1.916992,96985280,96970936,14344
1.916992,96985060,96972396,12664
1.917007,96984776,96973856,10920
1.917007,96984492,96975316,9176
1.917007,96985952,96976776,9176
1.917007,96985740,96978236,7504
1.917007,96984960,96979208,5752
1.917017,96987724,96980668,7056
1.917017,96987440,96982128,5312
1.917017,96988900,96983588,5312
1.917017,96988616,96985048,3568
1.917028,96989516,96986508,3008
1.917028,96990732,96987724,3008
1.917037,96991144,96989184,1960
1.917043,96992468,96990644,1824
1.917043,96992556,96990732,1824
1.917058,96994040,96992192,1848
1.917073,96996332,96993652,2680
1.917073,96995464,96994040,1424
1.917082,96997308,96995500,1808
1.917096,96998656,96996960,1696
1.917096,96999004,96997308,1696
1.917112,97001760,96998768,2992
1.917112,97001996,96999004,2992
1.917122,97003832,97000464,3368
1.917128,97003644,97001924,1720
1.917129,97003716,97001996,1720
1.917135,97004472,97003456,1016
2.124942,97053624,97004472,49152
2.124963,97054812,97005932,48880
2.124963,97054400,97007392,47008
2.124963,97054116,97008852,45264
2.124963,97055576,97010312,45264
2.124963,97055364,97011772,43592
2.124964,97055072,97013232,41840
2.124979,97054788,97014692,40096
2.124979,97056248,97016152,40096
2.124979,97056036,97017612,38424
2.124979,97055752,97019072,36680
2.124979,97055468,97020532,34936
2.124979,97056928,97021992,34936
2.124979,97056716,97023452,33264
2.124979,97056432,97024912,31520
2.124993,97056140,97026372,29768
2.124993,97057600,97027832,29768
2.124993,97057388,97029292,28096
2.124993,97057104,97030752,26352
2.124993,97056820,97032212,24608
2.124993,97058280,97033672,24608
2.124993,97058068,97035132,22936
2.124993,97057784,97036592,21192
2.125004,97057492,97038052,19440
2.125004,97058240,97038800,19440
2.125004,97058036,97040260,17776
2.125004,97059496,97041720,17776
2.125004,97059204,97043180,16024
2.125004,97058992,97044640,14352
2.125004,97058708,97046100,12608
2.125004,97060168,97047560,12608
2.125019,97059884,97049020,10864
2.125019,97059664,97050480,9184
2.125019,97059388,97051940,7448
2.125019,97060848,97053400,7448
2.125019,97062580,97054860,7720
2.125032,97062296,97056320,5976
2.125033,97063756,97057780,5976
2.125033,97063536,97059240,4296
2.125033,97063792,97059496,4296
2.125033,97064524,97060956,3568
2.125033,97064240,97062416,1824
2.125052,97066892,97063876,3016
2.125052,97066300,97064524,1776
2.125068,97068064,97065984,2080
2.125083,97071244,97067444,3800
2.125083,97071864,97068064,3800
2.125099,97073484,97069524,3960
2.1251,97073696,97070984,2712
2.125115,97075764,97072444,3320
2.125116,97075588,97073484,2104
2.125125,97078016,97074944,3072
2.125139,97079172,97076404,2768
2.125139,97079024,97077864,1160
2.125139,97079176,97078016,1160
2.33295,97127976,97079176,48800
2.332975,97129660,97080636,49024
2.332986,97129232,97082096,47136
2.332986,97128948,97083556,45392
2.332986,97130408,97085016,45392
2.332986,97130196,97086476,43720
2.332986,97129904,97087936,41968
2.332986,97129620,97089396,40224
2.332986,97131080,97090856,40224
2.332986,97130868,97092316,38552
2.333001,97130584,97093776,36808
2.333001,97130300,97095236,35064
2.333001,97131760,97096696,35064
2.333001,97131548,97098156,33392
2.333001,97131264,97099616,31648
2.333001,97130972,97101076,29896
2.333001,97132432,97102536,29896
2.333001,97132220,97103996,28224
2.333014,97131936,97105456,26480
2.333014,97131652,97106916,24736
2.333014,97133112,97108376,24736
2.333014,97132900,97109836,23064
2.333014,97132616,97111296,21320
2.333014,97132324,97112756,19568
2.333014,97133784,97114216,19568
2.333014,97133580,97115676,17904
2.333026,97133288,97117136,16152
2.333026,97133004,97118596,14408
2.333026,97134464,97120056,14408
2.333026,97134252,97121516,12736
2.333026,97133968,97122976,10992
2.333026,97133676,97124436,9240
2.333026,97135136,97125896,9240
2.333026,97134932,97127356,7576
2.333042,97133800,97127976,5824
2.333042,97138180,97129436,8744
2.333042,97138160,97130896,7264
2.333042,97137876,97132356,5520
2.333053,97137768,97133816,3952
2.333053,97139836,97135276,4560
2.333053,97139544,97136736,2808
2.333063,97140988,97138180,2808
2.333063,97141304,97139640,1664
2.333078,97142940,97141100,1840
2.333078,97141904,97141304,600
2.333086,97144980,97142764,2216
2.333101,97146120,97144224,1896
2.333101,97145364,97144980,384
2.540938,97194516,97145364,49152
2.540957,97194992,97146824,48168
2.540957,97196452,97148284,48168
2.540957,97196152,97149744,46408
2.540957,97195908,97151204,44704
2.540957,97195624,97152664,42960
2.540971,97197084,97154124,42960
2.540971,97196816,97155584,41232
2.540971,97196588,97157044,39544
2.540971,97196296,97158504,37792
2.540971,97197756,97159964,37792
2.540971,97197488,97161424,36064
2.540971,97197268,97162884,34384
2.540971,97196976,97164344,32632
2.540984,97198436,97165804,32632
2.540984,97198152,97167264,30888
2.540984,97197940,97168724,29216
2.540984,97197648,97170184,27464
2.540984,97199108,97171644,27464
2.540984,97198824,97173104,25720
2.540984,97198620,97174564,24056
2.540984,97198328,97176024,22304
2.540996,97199788,97177484,22304
2.540996,97199504,97178944,20560
2.540996,97199292,97180404,18888
2.540996,97199000,97181864,17136
2.540996,97200460,97183324,17136
2.540996,97200176,97184784,15392
2.540996,97199972,97186244,13728
2.540996,97199680,97187704,11976
2.541009,97201140,97189164,11976
2.54101,97200856,97190624,10232
2.54101,97200644,97192084,8560
2.54101,97200360,97193544,6816
2.54101,97201332,97194516,6816
2.541019,97202856,97195976,6880
2.541019,97204316,97197436,6880
2.541019,97204040,97198896,5144
2.541019,97203820,97200356,3464
2.541031,97206272,97201816,4456
2.541031,97205632,97202856,2776
2.541031,97205348,97204316,1032
2.54104,97207864,97205776,2088
2.541054,97208996,97207236,1760
2.541054,97208384,97207864,520
2.748937,97257536,97208384,49152
2.748951,97258996,97209844,49152
2.748952,97258736,97211304,47432
2.748964,97258452,97212764,45688
2.748964,97258160,97214224,43936
2.748964,97259620,97215684,43936
2.748964,97259416,97217144,42272
2.748964,97259124,97218604,40520
2.748964,97258840,97220064,38776
2.748964,97260300,97221524,38776
2.748964,97260088,97222984,37104
2.748976,97259804,97224444,35360
2.748976,97259512,97225904,33608
2.748976,97260972,97227364,33608
2.748976,97260768,97228824,31944
2.748976,97260476,97230284,30192
2.748976,97260192,97231744,28448
2.748976,97261652,97233204,28448
2.748976,97261440,97234664,26776
2.748985,97261156,97236124,25032
2.748985,97260872,97237584,23288
2.748985,97262332,97239044,23288
2.748985,97262120,97240504,21616
2.748985,97261828,97241964,19864
2.748985,97261544,97243424,18120
2.748985,97263004,97244884,18120
2.748986,97262792,97246344,16448
2.748997,97262508,97247804,14704
2.748997,97262224,97249264,12960
2.748997,97263684,97250724,12960
2.748997,97263472,97252184,11288
2.748997,97263188,97253644,9544
2.748997,97262896,97255104,7792
2.748997,97264356,97256564,7792
2.748997,97263656,97257536,6120
2.749017,97266668,97258996,7672
2.749017,97266544,97260456,6088
2.749017,97266260,97261916,4344
2.749017,97267176,97263376,3800
2.749017,97267456,97263656,3800
2.749028,97268732,97265116,3616
2.749028,97268440,97266576,1864
2.749043,97270148,97268036,2112
2.749043,97270844,97268732,2112
2.749059,97273024,97270192,2832
2.74906,97271940,97270844,1096
2.749068,97275072,97272304,2768
2.749082,97276204,97273764,2440
2.749082,97276112,97275072,1040
2.956937,97324504,97276112,48392
2.956951,97326228,97277572,48656
2.95696,97325840,97279032,46808
2.95696,97327300,97280492,46808
2.95696,97327072,97281952,45120
2.95696,97326804,97283412,43392
2.95696,97326520,97284872,41648
2.95696,97327980,97286332,41648
2.956961,97327736,97287792,39944
2.956961,97327476,97289252,38224
2.956977,97327192,97290712,36480
2.956977,97328652,97292172,36480
2.956977,97328408,97293632,34776
2.956977,97328156,97295092,33064
2.956977,97327872,97296552,31320
2.956977,97329332,97298012,31320
2.956977,97329072,97299472,29600
2.956977,97328836,97300932,27904
2.956989,97328544,97302392,26152
2.956989,97330004,97303852,26152
2.956989,97329744,97305312,24432
2.956989,97329508,97306772,22736
2.956989,97329224,97308232,20992
2.956989,97330684,97309692,20992
2.956989,97330408,97311152,19256
2.956989,97330188,97312612,17576
2.956998,97329896,97314072,15824
2.956998,97331356,97315532,15824
2.956998,97331080,97316992,14088
2.956998,97330860,97318452,12408
2.956998,97330576,97319912,10664
2.956998,97332036,97321372,10664
2.956998,97331744,97322832,8912
2.956998,97331540,97324292,7248
2.957012,97331752,97324504,7248
2.957012,97334396,97325964,8432
2.957012,97334104,97327424,6680
2.957012,97333812,97328884,4928
2.957023,97334368,97330344,4024
2.957023,97336284,97331804,4480
2.957023,97336032,97333264,2768
2.957032,97335412,97334396,1016
2.957032,97336688,97335856,832
3.164935,97385416,97336688,48728
3.164955,97386556,97338148,48408
3.164955,97386200,97339608,46592
3.164955,97387660,97341068,46592
3.164955,97387448,97342528,44920
3.164969,97387164,97343988,43176
3.164969,97386872,97345448,41424
3.164969,97388332,97346908,41424
3.164969,97388120,97348368,39752
3.164969,97387836,97349828,38008
3.164969,97387552,97351288,36264
3.164969,97389012,97352748,36264
3.164969,97388800,97354208,34592
3.164981,97388516,97355668,32848
3.164982,97388224,97357128,31096
3.164982,97389684,97358588,31096
3.164982,97389480,97360048,29432
3.164982,97389188,97361508,27680
3.164982,97388896,97362968,25928
3.164982,97390356,97364428,25928
3.164982,97390152,97365888,24264
3.164993,97389868,97367348,22520
3.164993,97389576,97368808,20768
3.164993,97391036,97370268,20768
3.164993,97390832,97371728,19104
3.164993,97390540,97373188,17352
3.164993,97390248,97374648,15600
3.164993,97391708,97376108,15600
3.164993,97391504,97377568,13936
3.165009,97391212,97379028,12184
3.165009,97390928,97380488,10440
3.165009,97392388,97381948,10440
3.165009,97392176,97383408,8768
3.165009,97391884,97384868,7016
3.165009,97392432,97385416,7016
3.16502,97394628,97386876,7752
3.16502,97394344,97388336,6008
3.16502,97395804,97389796,6008
3.16502,97395584,97391256,4328
3.165037,97398012,97392716,5296
3.165037,97397720,97394176,3544
3.165037,97398172,97394628,3544
3.165053,97400232,97396088,4144
3.165053,97399948,97397548,2400
3.165068,97401488,97399008,2480
3.165068,97402712,97400232,2480
3.165078,97404820,97401692,3128
3.165083,97404104,97402712,1392
3.165086,97405332,97404172,1160
3.372937,97453692,97405332,48360
3.372956,97455608,97406792,48816
3.372956,97455204,97408252,46952
3.372956,97454912,97409712,45200
3.372956,97456372,97411172,45200
3.372956,97456168,97412632,43536
3.37297,97455876,97414092,41784
3.37297,97455592,97415552,40040
3.37297,97457052,97417012,40040
3.37297,97456840,97418472,38368
3.37297,97456556,97419932,36624
3.37297,97456272,97421392,34880
3.37297,97457732,97422852,34880
3.37297,97457520,97424312,33208
3.372979,97457228,97425772,31456
3.372979,97456944,97427232,29712
3.372979,97458404,97428692,29712
3.372979,97458192,97430152,28040
3.372979,97457908,97431612,26296
3.372979,97457624,97433072,24552
3.372979,97459084,97434532,24552
3.372979,97458872,97435992,22880
3.372989,97458588,97437452,21136
3.372989,97458296,97438912,19384
3.372989,97459756,97440372,19384
3.372989,97459544,97441832,17712
3.372989,97459260,97443292,15968
3.372989,97458976,97444752,14224
3.372989,97460436,97446212,14224
3.372989,97460224,97447672,12552
3.372999,97459940,97449132,10808
3.372999,97459648,97450592,9056
3.372999,97461108,97452052,9056
3.373,97460904,97453512,7392
3.373,97461084,97453692,7392
3.373013,97462792,97455152,7640
3.373013,97462500,97456612,5888
3.373013,97462216,97458072,4144
3.373013,97463676,97459532,4144
3.373013,97464112,97460992,3120
3.373026,97464204,97461084,3120
3.373026,97464848,97462544,2304
3.373026,97465932,97464004,1928
3.373042,97467520,97465464,2056
3.373042,97467988,97465932,2056
3.373051,97469568,97467392,2176
3.373066,97470700,97468852,1848
3.373066,97469696,97469568,128
3.580936,97518848,97469696,49152
3.580956,97519364,97471156,48208
3.580956,97520824,97472616,48208
3.580956,97520484,97474076,46408
3.580956,97520280,97475536,44744
3.580956,97519988,97476996,42992
3.580956,97521448,97478456,42992
3.580966,97521164,97479916,41248
3.580966,97520952,97481376,39576
3.580966,97520668,97482836,37832
3.580966,97522128,97484296,37832
3.580966,97521844,97485756,36088
3.580967,97521632,97487216,34416
3.580967,97521340,97488676,32664
3.580967,97522800,97490136,32664
3.58098,97522516,97491596,30920
3.58098,97522304,97493056,29248
3.58098,97522020,97494516,27504
3.58098,97523480,97495976,27504
3.58098,97523188,97497436,25752
3.58098,97522984,97498896,24088
3.58098,97522700,97500356,22344
3.58098,97522408,97501816,20592
3.580989,97523868,97503276,20592
3.580989,97523656,97504736,18920
3.580989,97523372,97506196,17176
3.580989,97523080,97507656,15424
3.580989,97524540,97509116,15424
3.580989,97524336,97510576,13760
3.580989,97524052,97512036,12016
3.580989,97523760,97513496,10264
3.581003,97525220,97514956,10264
3.581003,97525016,97516416,8600
3.581003,97524724,97517876,6848
3.581003,97525696,97518848,6848
3.581015,97527420,97520308,7112
3.581015,97527440,97521768,5672
3.581015,97527148,97523228,3920
3.581015,97527728,97524688,3040
3.581015,97528736,97525696,3040
3.581028,97529388,97527156,2232
3.581033,97530920,97528616,2304
3.581033,97531040,97528736,2304
3.581047,97532644,97530196,2448
3.581062,97533952,97531656,2296
3.581062,97534940,97532644,2296
3.581079,97536056,97534104,1952
3.581079,97536892,97534940,1952
3.581095,97538176,97536400,1776
3.581095,97538668,97536892,1776
3.58111,97541264,97538352,2912
3.58111,97541580,97538668,2912
3.581125,97543312,97540128,3184
3.581141,97545604,97541588,4016
3.581141,97545648,97543048,2600
3.581142,97545912,97543312,2600
3.581152,97546780,97544772,2008
3.581166,97548560,97546232,2328
3.581166,97549108,97546780,2328
3.581175,97550936,97548240,2696
3.581189,97552428,97549700,2728
3.581189,97552368,97550936,1432
3.581199,97553364,97552396,968
3.788938,97602516,97553364,49152
3.788959,97603584,97554824,48760
3.788959,97603188,97556284,46904
3.788959,97602896,97557744,45152
3.788959,97604356,97559204,45152
3.788959,97604152,97560664,43488
3.788959,97603860,97562124,41736
3.788974,97603576,97563584,39992
3.788974,97605036,97565044,39992
3.788974,97604824,97566504,38320
3.788974,97604540,97567964,36576
3.788974,97604248,97569424,34824
3.788974,97605708,97570884,34824
3.788974,97605504,97572344,33160
3.788974,97605212,97573804,31408
3.788985,97604928,97575264,29664
3.788985,97606388,97576724,29664
3.788985,97606176,97578184,27992
3.788985,97605892,97579644,26248
3.788985,97605600,97581104,24496
3.788985,97607060,97582564,24496
3.788985,97606856,97584024,22832
3.788985,97606564,97585484,21080
3.788996,97606280,97586944,19336
3.788996,97607740,97588404,19336
3.788996,97607528,97589864,17664
3.788996,97607244,97591324,15920
3.788996,97606960,97592784,14176
3.788996,97608420,97594244,14176
3.788996,97608208,97595704,12504
3.788996,97607916,97597164,10752
3.789009,97607632,97598624,9008
3.789009,97609092,97600084,9008
3.789009,97608880,97601544,7336
3.789009,97608108,97602516,5592
3.789018,97610496,97603976,6520
3.789018,97611956,97605436,6520
3.789018,97611752,97606896,4856
3.789018,97611460,97608356,3104
3.789032,97613088,97609816,3272
3.789032,97613768,97610496,3272
3.789032,97614172,97611956,2216
3.789048,97615760,97613416,2344
3.789048,97616112,97613768,2344
3.789064,97617876,97615228,2648
3.78908,97619736,97616688,3048
3.78908,97620924,97617876,3048
3.78909,97622432,97619336,3096
3.789097,97621740,97620796,944
3.789097,97621868,97620924,944
3.789103,97622816,97622384,432
3.996954,97671616,97622816,48800
3.996981,97673428,97624276,49152
3.996981,97673424,97625736,47688
3.996981,97673140,97627196,45944
3.996981,97672856,97628656,44200
3.996981,97674316,97630116,44200
3.996981,97674104,97631576,42528
3.996981,97673812,97633036,40776
3.996981,97673536,97634496,39040
3.996992,97674996,97635956,39040
3.996992,97674776,97637416,37360
3.996992,97674492,97638876,35616
3.996992,97674208,97640336,33872
3.996993,97675668,97641796,33872
3.996993,97675448,97643256,32192
3.996993,97675164,97644716,30448
3.996993,97674888,97646176,28712
3.997005,97676348,97647636,28712
3.997005,97676112,97649096,27016
3.997005,97675844,97650556,25288
3.997005,97675568,97652016,23552
3.997005,97677028,97653476,23552
3.997005,97676784,97654936,21848
3.997005,97676516,97656396,20120
3.997005,97676240,97657856,18384
3.997015,97677700,97659316,18384
3.997015,97677448,97660776,16672
3.997015,97677196,97662236,14960
3.997015,97676920,97663696,13224
3.997015,97678380,97665156,13224
3.997015,97678120,97666616,11504
3.997015,97677876,97668076,9800
3.997015,97677592,97669536,8056
3.997026,97679052,97670996,8056
3.997026,97677944,97671616,6328
3.997036,97680636,97673076,7560
3.997036,97680352,97674536,5816
3.997036,97681812,97675996,5816
3.997036,97682160,97677456,4704
3.997036,97681868,97678916,2952
3.99705,97683440,97680376,3064
3.99705,97683700,97680636,3064
3.99705,97684032,97682096,1936
3.997064,97685820,97683556,2264
3.997065,97684732,97683700,1032
3.997074,97687720,97685160,2560
3.997088,97689012,97686620,2392
3.997088,97688680,97687720,960
4.204945,97737832,97688680,49152
4.20496,97739292,97690140,49152
4.20497,97739232,97691600,47632
4.204971,97738948,97693060,45888
4.204971,97738664,97694520,44144
4.204971,97740124,97695980,44144
4.204971,97739912,97697440,42472
4.204971,97739620,97698900,40720
4.204971,97739344,97700360,38984
4.204971,97740804,97701820,38984
4.204985,97740584,97703280,37304
4.204985,97740300,97704740,35560
4.204985,97740016,97706200,33816
4.204986,97741476,97707660,33816
4.204986,97741264,97709120,32144
4.204986,97740972,97710580,30392
4.204986,97740696,97712040,28656
4.204986,97742156,97713500,28656
4.204997,97741936,97714960,26976
4.204997,97741652,97716420,25232
4.204997,97741368,97717880,23488
4.204997,97742828,97719340,23488
4.204997,97742616,97720800,21816
4.204997,97742324,97722260,20064
4.204997,97742048,97723720,18328
4.204997,97743508,97725180,18328
4.205008,97743288,97726640,16648
4.205008,97743004,97728100,14904
4.205008,97742728,97729560,13168
4.205008,97744188,97731020,13168
4.205008,97743968,97732480,11488
4.205009,97743676,97733940,9736
4.205009,97743400,97735400,8000
4.205009,97744860,97736860,8000
4.205021,97744152,97737832,6320
4.20503,97747076,97739292,7784
4.20503,97746792,97740752,6040
4.20503,97746500,97742212,4288
4.205031,97748520,97743672,4848
4.205031,97747680,97744152,3528
4.205042,97750116,97745612,4504
4.205042,97749880,97747072,2808
4.205058,97750332,97748532,1800
4.205058,97751792,97749992,1800
4.205058,97751916,97750116,1800
4.205068,97753976,97751576,2400
4.205082,97753956,97753036,920
4.205082,97754896,97753976,920
4.412937,97804048,97754896,49152
4.412955,97804868,97756356,48512
4.412955,97804496,97757816,46680
4.412955,97805956,97759276,46680
4.412955,97805752,97760736,45016
4.412955,97805460,97762196,43264
4.41297,97805176,97763656,41520
4.41297,97806636,97765116,41520
4.41297,97806424,97766576,39848
4.41297,97806132,97768036,38096
4.41297,97805848,97769496,36352
4.41297,97807308,97770956,36352
4.41297,97807104,97772416,34688
4.41297,97806812,97773876,32936
4.412982,97806528,97775336,31192
4.412982,97807988,97776796,31192
4.412982,97807776,97778256,29520
4.412982,97807492,97779716,27776
4.412982,97807200,97781176,26024
4.412982,97808660,97782636,26024
4.412982,97808456,97784096,24360
4.412982,97808164,97785556,22608
4.412994,97807880,97787016,20864
4.412994,97809340,97788476,20864
4.412994,97809128,97789936,19192
4.412994,97808844,97791396,17448
4.412994,97808552,97792856,15696
4.412994,97810012,97794316,15696
4.412994,97809808,97795776,14032
4.412994,97809516,97797236,12280
4.413008,97809232,97798696,10536
4.413008,97810692,97800156,10536
4.413008,97810480,97801616,8864
4.413008,97810196,97803076,7120
4.413008,97811168,97804048,7120
4.413018,97813172,97805508,7664
4.413018,97812880,97806968,5912
4.413018,97812588,97808428,4160
4.413018,97814048,97809888,4160
4.413029,97815740,97811348,4392
4.413029,97815448,97812808,2640
4.413029,97815812,97813172,2640
4.413038,97817352,97814632,2720
4.413052,97817324,97816092,1232
4.413053,97818584,97817352,1232
4.620937,97867736,97818584,49152
4.620952,97868436,97820044,48392
4.620962,97868080,97821504,46576
4.620962,97869540,97822964,46576
4.620962,97869328,97824424,44904
4.620962,97869044,97825884,43160
4.620962,97868752,97827344,41408
4.620962,97870212,97828804,41408
4.620962,97870008,97830264,39744
4.620962,97869716,97831724,37992
4.620974,97869432,97833184,36248
4.620974,97870892,97834644,36248
4.620974,97870680,97836104,34576
4.620974,97870396,97837564,32832
4.620974,97870104,97839024,31080
4.620974,97871564,97840484,31080
4.620974,97871360,97841944,29416
4.620974,97871068,97843404,27664
4.620986,97870784,97844864,25920
4.620986,97872244,97846324,25920
4.620986,97872040,97847784,24256
4.620986,97871748,97849244,22504
4.620986,97871456,97850704,20752
4.620986,97872916,97852164,20752
4.620986,97872712,97853624,19088
4.620986,97872420,97855084,17336
4.620996,97872136,97856544,15592
4.620996,97873596,97858004,15592
4.620996,97873392,97859464,13928
4.620996,97873100,97860924,12176
4.620996,97872816,97862384,10432
4.620996,97874276,97863844,10432
4.620996,97874064,97865304,8760
4.620996,97873772,97866764,7008
4.621008,97874744,97867736,7008
4.621015,97876092,97869196,6896
4.621015,97875800,97870656,5144
4.621015,97877260,97872116,5144
4.621015,97877056,97873576,3480
4.621033,97878076,97875036,3040
4.621033,97879132,97876092,3040
4.621044,97881512,97877552,3960
4.621051,97881716,97879012,2704
4.621051,97881836,97879132,2704
4.621051,97882880,97880592,2288
4.621067,97884244,97882052,2192
4.621067,97883760,97882880,880
4.828937,97932912,97883760,49152
4.828951,97934284,97885220,49064
4.828961,97933856,97886680,47176
4.828961,97933564,97888140,45424
4.828961,97935024,97889600,45424
4.828961,97934812,97891060,43752
4.828961,97934528,97892520,42008
4.828961,97934236,97893980,40256
4.828961,97935696,97895440,40256
4.828961,97935492,97896900,38592
4.828977,97935200,97898360,36840
4.828977,97934916,97899820,35096
4.828977,97936376,97901280,35096
4.828977,97936172,97902740,33432
4.828977,97935880,97904200,31680
4.828977,97935588,97905660,29928
4.828977,97937048,97907120,29928
4.828977,97936844,97908580,28264
4.828988,97936552,97910040,26512
4.828988,97936268,97911500,24768
4.828988,97937728,97912960,24768
4.828989,97937524,97914420,23104
4.828989,97937232,97915880,21352
4.828989,97936948,97917340,19608
4.828989,97938408,97918800,19608
4.828989,97938196,97920260,17936
4.828999,97937904,97921720,16184
4.828999,97937620,97923180,14440
4.828999,97939080,97924640,14440
4.828999,97938876,97926100,12776
4.828999,97938584,97927560,11024
4.828999,97938300,97929020,9280
4.828999,97939760,97930480,9280
4.828999,97939548,97931940,7608
4.82901,97938776,97932912,5864
4.829016,97942300,97934372,7928
4.829016,97942208,97935832,6376
4.829016,97941916,97937292,4624
4.829016,97941632,97938752,2880
4.829034,97943548,97940212,3336
4.829034,97945008,97941672,3336
4.829034,97943956,97942300,1656
4.829051,97945936,97943760,2176
4.829067,97949340,97945220,4120
4.829067,97948448,97945936,2512
4.829083,97950332,97947396,2936
4.829083,97951792,97948856,2936
4.829095,97952556,97950316,2240
4.829095,97952572,97950332,2240
4.829095,97953240,97951792,1448
5.036938,98001920,97953240,48680
5.036958,98003852,97954700,49152
5.036958,98003504,97956160,47344
5.036958,98003212,97957620,45592
5.036958,98004672,97959080,45592
5.036958,98004396,97960540,43856
5.036958,98004176,97962000,42176
5.036972,98003892,97963460,40432
5.036972,98003608,97964920,38688
5.036973,98005068,97966380,38688
5.036973,98004856,97967840,37016
5.036973,98004564,97969300,35264
5.036973,98004288,97970760,33528
5.036973,98005748,97972220,33528
5.036973,98005528,97973680,31848
5.036986,98005244,97975140,30104
5.036986,98004960,97976600,28360
5.036986,98006420,97978060,28360
5.036986,98006208,97979520,26688
5.036986,98005924,97980980,24944
5.036986,98005640,97982440,23200
5.036986,98007100,97983900,23200
5.036986,98006880,97985360,21520
5.036995,98006596,97986820,19776
5.036995,98006312,97988280,18032
5.036995,98007772,97989740,18032
5.036995,98007560,97991200,16360
5.036995,98007268,97992660,14608
5.036995,98006992,97994120,12872
5.036995,98008452,97995580,12872
5.036995,98008240,97997040,11200
5.037009,98007948,97998500,9448
5.037009,98007664,97999960,7704
5.037009,98009124,98001420,7704
5.037009,98007952,98001920,6032
5.037009,98011252,98003380,7872
5.037024,98010968,98004840,6128
5.037024,98010684,98006300,4384
5.037024,98012528,98007760,4768
5.037024,98012828,98009220,3608
5.037024,98012552,98010680,1872
5.037024,98013124,98011252,1872
5.037036,98015152,98012712,2440
5.03705,98015148,98014172,976
5.03705,98016128,98015152,976
5.244942,98064512,98016128,48384
5.244966,98065812,98017588,48224
5.244966,98067272,98019048,48224
5.244966,98066932,98020508,46424
5.244966,98066720,98021968,44752
5.244966,98066436,98023428,43008
5.244966,98067896,98024888,43008
5.244982,98067612,98026348,41264
5.244982,98067392,98027808,39584
5.244982,98067108,98029268,37840
5.244982,98068568,98030728,37840
5.244982,98068284,98032188,36096
5.244982,98068072,98033648,34424
5.244982,98067788,98035108,32680
5.244982,98067504,98036568,30936
5.244995,98068964,98038028,30936
5.244995,98068744,98039488,29256
5.244995,98068468,98040948,27520
5.244995,98068176,98042408,25768
5.244995,98069636,98043868,25768
5.244995,98069424,98045328,24096
5.244995,98069140,98046788,22352
5.244995,98068856,98048248,20608
5.245005,98070316,98049708,20608
5.245005,98070096,98051168,18928
5.245005,98069820,98052628,17192
5.245005,98069528,98054088,15440
5.245005,98070988,98055548,15440
5.245005,98070776,98057008,13768
5.245005,98070492,98058468,12024
5.245005,98070208,98059928,10280
5.245019,98071668,98061388,10280
5.245019,98071448,98062848,8600
5.245019,98071172,98064308,6864
5.245019,98071376,98064512,6864
5.245028,98074076,98065972,8104
5.245028,98073784,98067432,6352
5.245028,98075244,98068892,6352
5.245028,98075040,98070352,4688
5.245045,98076316,98071812,4504
5.245045,98077776,98073272,4504
5.245046,98076908,98074076,2832
5.245058,98079392,98075536,3856
5.245058,98080204,98076996,3208
5.245074,98080472,98078456,2016
5.245074,98081408,98079392,2016
5.245091,98083844,98080852,2992
5.245091,98082816,98081408,1408
5.2451,98085740,98082868,2872
5.245115,98086616,98084328,2288
5.245115,98086284,98085740,544
5.452938,98135436,98086284,49152
5.452957,98136896,98087744,49152
5.452957,98136900,98089204,47696
5.452957,98136680,98090664,46016
5.452957,98136388,98092124,44264
5.452957,98137848,98093584,44264
5.452972,98137572,98095044,42528
5.452972,98137352,98096504,40848
5.452972,98137068,98097964,39104
5.452972,98138528,98099424,39104
5.452972,98138236,98100884,37352
5.452972,98138032,98102344,35688
5.452972,98137740,98103804,33936
5.452972,98139200,98105264,33936
5.452983,98138916,98106724,32192
5.452983,98138704,98108184,30520
5.452983,98138420,98109644,28776
5.452983,98139880,98111104,28776
5.452983,98139588,98112564,27024
5.452983,98139384,98114024,25360
5.452983,98139100,98115484,23616
5.452983,98140560,98116944,23616
5.452994,98140268,98118404,21864
5.452995,98140056,98119864,20192
5.452995,98139772,98121324,18448
5.452995,98141232,98122784,18448
5.452995,98140940,98124244,16696
5.452995,98140736,98125704,15032
5.452995,98140452,98127164,13288
5.452995,98141912,98128624,13288
5.453009,98141620,98130084,11536
5.453009,98141416,98131544,9872
5.453009,98141124,98133004,8120
5.453009,98140832,98134464,6368
5.453009,98141804,98135436,6368
5.453021,98144296,98136896,7400
5.453021,98144524,98138356,6168
5.453021,98144304,98139816,4488
5.453021,98144940,98141276,3664
5.453021,98145468,98141804,3664
5.453034,98147288,98143264,4024
5.453034,98147924,98144724,3200
5.453049,98148016,98146184,1832
5.453049,98149120,98147288,1832
5.453066,98150892,98148748,2144
5.453066,98151264,98149120,2144
5.453076,98153612,98150580,3032
5.45309,98154072,98152040,2032
5.45309,98153788,98153500,288
5.45309,98153900,98153612,288
5.660948,98203052,98153900,49152
5.660977,98203608,98155360,48248
5.660977,98203276,98156820,46456
5.660977,98204736,98158280,46456
5.660977,98204516,98159740,44776
5.660977,98204232,98161200,43032
5.660991,98203948,98162660,41288
5.660991,98205408,98164120,41288
5.660991,98205196,98165580,39616
5.660992,98204904,98167040,37864
5.660992,98204628,98168500,36128
5.660992,98206088,98169960,36128
5.660992,98205868,98171420,34448
5.660992,98205584,98172880,32704
5.661002,98205300,98174340,30960
5.661002,98206760,98175800,30960
5.661002,98206548,98177260,29288
5.661002,98206256,98178720,27536
5.661002,98205980,98180180,25800
5.661002,98207440,98181640,25800
5.661002,98207228,98183100,24128
5.661002,98206936,98184560,22376
5.661011,98206652,98186020,20632
5.661011,98208112,98187480,20632
5.661011,98207900,98188940,18960
5.661011,98207608,98190400,17208
5.661011,98207332,98191860,15472
5.661011,98208792,98193320,15472
5.661011,98208580,98194780,13800
5.661011,98208288,98196240,12048
5.661025,98208012,98197700,10312
5.661025,98209472,98199160,10312
5.661025,98209252,98200620,8632
5.661025,98208960,98202080,6880
5.661025,98209932,98203052,6880
5.661037,98210912,98204512,6400
5.661037,98210628,98205972,4656
5.661037,98212088,98207432,4656
5.661037,98212948,98208892,4056
5.661037,98212244,98209932,2312
5.66105,98214632,98211392,3240
5.66105,98214988,98212852,2136
5.661065,98216160,98214312,1848
5.661065,98215160,98214632,528
5.661081,98218356,98216092,2264
5.661096,98220224,98217552,2672
5.661096,98221028,98218356,2672
5.661106,98222760,98219816,2944
5.661138,98224420,98221276,3144
5.661138,98224128,98222736,1392
5.661138,98224152,98222760,1392
5.661152,98228660,98224220,4440
5.661169,98230496,98225680,4816
5.66117,98230628,98227140,3488
5.66117,98230336,98228600,1736
5.66117,98230396,98228660,1736
5.661181,98232992,98230120,2872
5.661195,98234356,98231580,2776
5.661195,98234464,98232992,1472
5.661211,98236564,98234452,2112
5.661211,98236576,98234464,2112
5.66122,98238676,98235924,2752
5.661235,98239480,98237384,2096
5.661235,98239020,98238676,344
5.868937,98288172,98239020,49152
5.868951,98289632,98240480,49152
5.868961,98289292,98241940,47352
5.868961,98289000,98243400,45600
5.868961,98288724,98244860,43864
5.868961,98290184,98246320,43864
5.868961,98289964,98247780,42184
5.868961,98289680,98249240,40440
5.868961,98289396,98250700,38696
5.868961,98290856,98252160,38696
5.868977,98290636,98253620,37016
5.868977,98290352,98255080,35272
5.868977,98290076,98256540,33536
5.868977,98291536,98258000,33536
5.868977,98291316,98259460,31856
5.868978,98291032,98260920,30112
5.868978,98290748,98262380,28368
5.868978,98292208,98263840,28368
5.868989,98291996,98265300,26696
5.868989,98291704,98266760,24944
5.868989,98291428,98268220,23208
5.868989,98292888,98269680,23208
5.868989,98292668,98271140,21528
5.868989,98292384,98272600,19784
5.868989,98292100,98274060,18040
5.868989,98293560,98275520,18040
5.869,98293348,98276980,16368
5.869,98293056,98278440,14616
5.869,98292780,98279900,12880
5.869,98294240,98281360,12880
5.869,98294020,98282820,11200
5.869,98293736,98284280,9456
5.869,98293452,98285740,7712
5.869,98294912,98287200,7712
5.869013,98294212,98288172,6040
5.869013,98297768,98289632,8136
5.869026,98297924,98291092,6832
5.869026,98297640,98292552,5088
5.869026,98298220,98294012,4208
5.869026,98298420,98294212,4208
5.869026,98299384,98295672,3712
5.869026,98299100,98297132,1968
5.869046,98301624,98298592,3032
5.869046,98300688,98299384,1304
5.869056,98303724,98300844,2880
5.86907,98304136,98302304,1832
5.86907,98305556,98303724,1832
5.869089,98307160,98305184,1976
5.869089,98307532,98305556,1976
5.869098,98309400,98307016,2384
5.869111,98310364,98308476,1888
5.869111,98311288,98309400,1888
5.869128,98312292,98310860,1432
5.869128,98312720,98311288,1432
6.07794,98361872,98312720,49152
6.077961,98363124,98314180,48944
6.077961,98362704,98315640,47064
6.077962,98362420,98317100,45320
6.077978,98363880,98318560,45320
6.077978,98363668,98320020,43648
6.077978,98363384,98321480,41904
6.077978,98363092,98322940,40152
6.077978,98364552,98324400,40152
6.077978,98364340,98325860,38480
6.077978,98364056,98327320,36736
6.077978,98363772,98328780,34992
6.077996,98365232,98330240,34992
6.077996,98365020,98331700,33320
6.077996,98364736,98333160,31576
6.077996,98364444,98334620,29824
6.077996,98365904,98336080,29824
6.077996,98365700,98337540,28160
6.077996,98365408,98339000,26408
6.077996,98365124,98340460,24664
6.078012,98366584,98341920,24664
6.078012,98366372,98343380,22992
6.078012,98366088,98344840,21248
6.078012,98365796,98346300,19496
6.078012,98366456,98346960,19496
6.078012,98366252,98348420,17832
6.078012,98367712,98349880,17832
6.078012,98367428,98351340,16088
6.078031,98367216,98352800,14416
6.078031,98366924,98354260,12664
6.078031,98368384,98355720,12664
6.078031,98368100,98357180,10920
6.078031,98367888,98358640,9248
6.078031,98367604,98360100,7504
6.078031,98369064,98361560,7504
6.078045,98372876,98363020,9856
6.078045,98373096,98364480,8616
6.078045,98372836,98365940,6896
6.078045,98372552,98367400,5152
6.078045,98372864,98367712,5152
6.078062,98376220,98369172,7048
6.078062,98375936,98370632,5304
6.078062,98377396,98372092,5304
6.078075,98378776,98373552,5224
6.078075,98378988,98375012,3976
6.078075,98378452,98376220,2232
6.078088,98380592,98377680,2912
6.078106,98381284,98379140,2144
6.078106,98382736,98380592,2144
6.078126,98384788,98382052,2736
6.078126,98385472,98382736,2736
6.078138,98387484,98384196,3288
6.078149,98389216,98385656,3560
6.078149,98388932,98387116,1816
6.078149,98389300,98387484,1816
6.078158,98390824,98388944,1880
6.078168,98391892,98390404,1488
6.078168,98392312,98390824,1488
6.078175,98390952,98390824,128
6.07818,98392452,98392284,168
6.07818,98392480,98392312,168
6.078185,98392544,98392312,232
6.078359,98417176,98392312,24864
6.078378,98419780,98393772,26008
6.078378,98419896,98395232,24664
6.078378,98419620,98396692,22928
6.078378,98419328,98398152,21176
6.078378,98420788,98399612,21176
6.078378,98420576,98401072,19504
6.078378,98420292,98402532,17760
6.078378,98420000,98403992,16008
6.078394,98421460,98405452,16008
6.078395,98421248,98406912,14336
6.078395,98420972,98408372,12600
6.078395,98420680,98409832,10848
6.078395,98422140,98411292,10848
6.078395,98421928,98412752,9176
6.078395,98421644,98414212,7432
6.078395,98421360,98415672,5688
6.078409,98422820,98417132,5688
6.078409,98422864,98417176,5688
6.078416,98425636,98418636,7000
6.078416,98425616,98420096,5520
6.078416,98425324,98421556,3768
6.078436,98427696,98423016,4680
6.078436,98427412,98424476,2936
6.078436,98428572,98425636,2936
6.078451,98430856,98427096,3760
6.07846,98431044,98428556,2488
6.07846,98431060,98428572,2488
6.07846,98431888,98430032,1856
6.078474,98433588,98431492,2096
6.078474,98433984,98431888,2096
6.078483,98435316,98433348,1968
6.078493,98435848,98434808,1040
6.078493,98436356,98435316,1040
6.284969,98484820,98436356,48464
6.284986,98486968,98437816,49152
6.284987,98486740,98439276,47464
6.284997,98486448,98440736,45712
6.284997,98486164,98442196,43968
6.284997,98487624,98443656,43968
6.284997,98487412,98445116,42296
6.284997,98487128,98446576,40552
6.284997,98486836,98448036,38800
6.284997,98488296,98449496,38800
6.284997,98488092,98450956,37136
6.28503,98487808,98452416,35392
6.28503,98487516,98453876,33640
6.28503,98488976,98455336,33640
6.28503,98488764,98456796,31968
6.28503,98488480,98458256,30224
6.28503,98488188,98459716,28472
6.28503,98489648,98461176,28472
6.28503,98489444,98462636,26808
6.285053,98489160,98464096,25064
6.285053,98488868,98465556,23312
6.285054,98490328,98467016,23312
6.285054,98490124,98468476,21648
6.285054,98489832,98469936,19896
6.285054,98489540,98471396,18144
6.285054,98491000,98472856,18144
6.285054,98490796,98474316,16480
6.285071,98490504,98475776,14728
6.285071,98490220,98477236,12984
6.285071,98491680,98478696,12984
6.285071,98491476,98480156,11320
6.285071,98491184,98481616,9568
6.285071,98490900,98483076,7824
6.285071,98492360,98484536,7824
6.285071,98490972,98484820,6152
6.285084,98498448,98486280,12168
6.285085,98498156,98487740,10416
6.285085,98497872,98489200,8672
6.285085,98499332,98490660,8672
6.285098,98501848,98492120,9728
6.285098,98501556,98493580,7976
6.285098,98501272,98495040,6232
6.285098,98502732,98496500,6232
6.285113,98502520,98497960,4560
6.285113,98503008,98498448,4560
6.285113,98502932,98499908,3024
6.285113,98504392,98501368,3024
6.285126,98505996,98502828,3168
6.285136,98504944,98503008,1936
6.285159,98508076,98504468,3608
6.285159,98509536,98505928,3608
6.285194,98511692,98507388,4304
6.285194,98512380,98508076,4304
6.285194,98513600,98509536,4064
6.285219,98515788,98510996,4792
6.285219,98517520,98512456,5064
6.285219,98516920,98513600,3320
6.285243,98519660,98515060,4600
6.285243,98521624,98516520,5104
6.285278,98524852,98517980,6872
6.285278,98524560,98519440,5120
6.285278,98524780,98519660,5120
6.285278,98524576,98521120,3456
6.285313,98529268,98522580,6688
6.285313,98530728,98524040,6688
6.285337,98533532,98525500,8032
6.285337,98533472,98526960,6512
6.285337,98533188,98528420,4768
6.285337,98534036,98529268,4768
6.285337,98533832,98530728,3104
6.285375,98537172,98532188,4984
6.285375,98538016,98533648,4368
6.285375,98538404,98534036,4368
6.285398,98541808,98535496,6312
6.285398,98541524,98536956,4568
6.285432,98544888,98538416,6472
6.285432,98544604,98539876,4728
6.285442,98546064,98541336,4728
6.285442,98544816,98541808,3008
6.285456,98550756,98543268,7488
6.285456,98552216,98544728,7488
6.285482,98553324,98546188,7136
6.285482,98553280,98547648,5632
6.285482,98552996,98549108,3888
6.285482,98552704,98550568,2136
6.285482,98552892,98550756,2136
6.285482,98554352,98552216,2136
6.285529,98558556,98553676,4880
6.285529,98559232,98554352,4880
6.285563,98564196,98555812,8384
6.285563,98565656,98557272,8384
6.285563,98564316,98558732,5584
6.285563,98564816,98559232,5584
6.285587,98567404,98560692,6712
6.285587,98568864,98562152,6712
6.285587,98568652,98563612,5040
6.285619,98571512,98565072,6440
6.285619,98571740,98566532,5208
6.285619,98570900,98567404,3496
6.285642,98577304,98568864,8440
6.285642,98577020,98570324,6696
6.285674,98580264,98571784,8480
6.285674,98579972,98573244,6728
6.285674,98579680,98574704,4976
6.285674,98581140,98576164,4976
6.285675,98580616,98577304,3312
6.285709,98584188,98578764,5424
6.285709,98585648,98580224,5424
6.285732,98588348,98581684,6664
6.285732,98588576,98583144,5432
6.285732,98587924,98584188,3736
6.285732,98587648,98585648,2000
6.285754,98591036,98587108,3928
6.285795,98594560,98588568,5992
6.285795,98594268,98590028,4240
6.285795,98595276,98591036,4240
6.285818,98600640,98592496,8144
6.285818,98600372,98593956,6416
6.285841,98603376,98595416,7960
6.285841,98603092,98596876,6216
6.285841,98604552,98598336,6216
6.285841,98604276,98599796,4480
6.285841,98603440,98600640,2800
6.285855,98605756,98602100,3656
6.285855,98606728,98603560,3168
6.285865,98607684,98605020,2664
6.285865,98608420,98605756,2664
6.285874,98609240,98607216,2024
6.285884,98611324,98608676,2648
6.285884,98610560,98609240,1320
6.285893,98612684,98610700,1984
6.285902,98612680,98612160,520
6.285902,98613204,98612684,520
6.492963,98662356,98613204,49152
6.492994,98663304,98614664,48640
6.492994,98662916,98616124,46792
6.492994,98664376,98617584,46792
6.492994,98664164,98619044,45120
6.492994,98663880,98620504,43376
6.492995,98663596,98621964,41632
6.492995,98665056,98623424,41632
6.492995,98664828,98624884,39944
6.493019,98664560,98626344,38216
6.493019,98664276,98627804,36472
6.893022,98676956,98627804,49152
6.893022,98676956,98627804,49152
